,mean_fit_time,std_fit_time,mean_score_time,std_score_time,param_learning_rate,param_max_depth,param_n_estimators,params,split0_test_score,split1_test_score,split2_test_score,mean_test_score,std_test_score,rank_test_score,split0_train_score,split1_train_score,split2_train_score,mean_train_score,std_train_score
191,0.18782869974772134,0.004177745206560478,0.013630946477254232,0.0004709207873617227,0.01,50,100,"{'learning_rate': 0.01, 'max_depth': 50, 'n_estimators': 100}",1.0,1.0,1.0,1.0,0.0,1,1.0,1.0,1.0,1.0,0.0
131,0.29554255803426105,0.011115371596226397,0.02792509396870931,0.007768062797850309,0.001,10,100,"{'learning_rate': 0.001, 'max_depth': 10, 'n_estimators': 100}",1.0,1.0,1.0,1.0,0.0,1,1.0,1.0,0.9990768520655435,0.9996922840218478,0.00043517610966168285
137,0.20511698722839355,0.0020483146459504826,0.01695537567138672,0.0021556390952580137,0.001,20,100,"{'learning_rate': 0.001, 'max_depth': 20, 'n_estimators': 100}",1.0,1.0,1.0,1.0,0.0,1,1.0,1.0,0.9990768520655435,0.9996922840218478,0.00043517610966168285
175,0.0967416763305664,0.017102831540843858,0.01396020253499349,0.007053472237577411,0.01,10,10,"{'learning_rate': 0.01, 'max_depth': 10, 'n_estimators': 10}",1.0,1.0,1.0,1.0,0.0,1,1.0,1.0,0.9990768520655435,0.9996922840218478,0.00043517610966168285
176,0.07147598266601562,0.002052799417523971,0.01163482666015625,0.002615668235119327,0.01,10,20,"{'learning_rate': 0.01, 'max_depth': 10, 'n_estimators': 20}",1.0,1.0,1.0,1.0,0.0,1,1.0,1.0,0.9990768520655435,0.9996922840218478,0.00043517610966168285
177,0.14262119928995767,0.04458460645430096,0.027590274810791016,0.018607458538203177,0.01,10,40,"{'learning_rate': 0.01, 'max_depth': 10, 'n_estimators': 40}",1.0,1.0,1.0,1.0,0.0,1,1.0,1.0,1.0,1.0,0.0
178,0.2556483745574951,0.07109751270557417,0.035903612772623696,0.016040187273667916,0.01,10,70,"{'learning_rate': 0.01, 'max_depth': 10, 'n_estimators': 70}",1.0,1.0,1.0,1.0,0.0,1,1.0,1.0,1.0,1.0,0.0
179,0.31981364885965985,0.07481051005241171,0.02659161885579427,0.013634281294111168,0.01,10,100,"{'learning_rate': 0.01, 'max_depth': 10, 'n_estimators': 100}",1.0,1.0,1.0,1.0,0.0,1,1.0,1.0,1.0,1.0,0.0
181,0.06682443618774414,0.018496146026955367,0.011302312215169271,0.0018857658328376293,0.01,20,10,"{'learning_rate': 0.01, 'max_depth': 20, 'n_estimators': 10}",1.0,1.0,1.0,1.0,0.0,1,1.0,1.0,0.9990768520655435,0.9996922840218478,0.00043517610966168285
143,0.26761412620544434,0.04095979685000689,0.016954898834228516,0.002154351309792525,0.001,50,100,"{'learning_rate': 0.001, 'max_depth': 50, 'n_estimators': 100}",1.0,1.0,1.0,1.0,0.0,1,1.0,1.0,0.9990768520655435,0.9996922840218478,0.00043517610966168285
190,0.1888274351755778,0.012780953059324649,0.013962586720784506,0.0008139067262188723,0.01,50,70,"{'learning_rate': 0.01, 'max_depth': 50, 'n_estimators': 70}",1.0,1.0,1.0,1.0,0.0,1,1.0,1.0,1.0,1.0,0.0
183,0.13331500689188638,0.03555976124724388,0.013623237609863281,0.0012529279171883416,0.01,20,40,"{'learning_rate': 0.01, 'max_depth': 20, 'n_estimators': 40}",1.0,1.0,1.0,1.0,0.0,1,1.0,1.0,1.0,1.0,0.0
184,0.21541802088419595,0.05515761895829914,0.013964335123697916,0.0008166328432364203,0.01,20,70,"{'learning_rate': 0.01, 'max_depth': 20, 'n_estimators': 70}",1.0,1.0,1.0,1.0,0.0,1,1.0,1.0,1.0,1.0,0.0
185,0.2586425145467122,0.06445600528069388,0.01628851890563965,0.005299343593108128,0.01,20,100,"{'learning_rate': 0.01, 'max_depth': 20, 'n_estimators': 100}",1.0,1.0,1.0,1.0,0.0,1,1.0,1.0,1.0,1.0,0.0
188,0.0794534683227539,0.01233197181507743,0.018631776173909504,0.008701413944161178,0.01,50,20,"{'learning_rate': 0.01, 'max_depth': 50, 'n_estimators': 20}",1.0,1.0,1.0,1.0,0.0,1,1.0,1.0,0.9990768520655435,0.9996922840218478,0.00043517610966168285
187,0.062401930491129555,0.005361648891536104,0.02061152458190918,0.014345134642046625,0.01,50,10,"{'learning_rate': 0.01, 'max_depth': 50, 'n_estimators': 10}",1.0,1.0,1.0,1.0,0.0,1,1.0,1.0,0.9990768520655435,0.9996922840218478,0.00043517610966168285
189,0.12798062960306802,0.028677708580904553,0.012968063354492188,0.0016247965121860227,0.01,50,40,"{'learning_rate': 0.01, 'max_depth': 50, 'n_estimators': 40}",1.0,1.0,1.0,1.0,0.0,1,1.0,1.0,1.0,1.0,0.0
182,0.07147606213887532,0.002351063764733479,0.011635144551595053,0.00047294640015012465,0.01,20,20,"{'learning_rate': 0.01, 'max_depth': 20, 'n_estimators': 20}",1.0,1.0,1.0,1.0,0.0,1,1.0,1.0,0.9990768520655435,0.9996922840218478,0.00043517610966168285
136,0.18284066518147787,0.034032285442153726,0.01629010836283366,0.0036714254573746515,0.001,20,70,"{'learning_rate': 0.001, 'max_depth': 20, 'n_estimators': 70}",1.0,0.9995383194829178,0.9995383194829178,0.9996922129886118,0.0002176382829136783,19,1.0,0.9986152780983153,0.9976921301638587,0.9987691360873914,0.0009484443423292668
142,0.23669958114624023,0.012987466873967355,0.03789877891540527,0.01733150370945289,0.001,50,70,"{'learning_rate': 0.001, 'max_depth': 50, 'n_estimators': 70}",1.0,0.9995383194829178,0.9995383194829178,0.9996922129886118,0.0002176382829136783,19,1.0,0.9986152780983153,0.9976921301638587,0.9987691360873914,0.0009484443423292668
130,0.18483837445576987,0.04357913578851871,0.0156250794728597,0.0016949833087219934,0.001,10,70,"{'learning_rate': 0.001, 'max_depth': 10, 'n_estimators': 70}",1.0,0.9995383194829178,0.9995383194829178,0.9996922129886118,0.0002176382829136783,19,1.0,0.9986152780983153,0.9976921301638587,0.9987691360873914,0.0009484443423292668
173,0.24468318621317545,0.07879415205160602,0.01595282554626465,8.288832583448043e-06,0.01,5,100,"{'learning_rate': 0.01, 'max_depth': 5, 'n_estimators': 100}",0.9935394554683895,0.9949215143120961,0.9953831948291783,0.9946147215365547,0.0007833411615099972,22,0.9944598337950139,0.9951534733441034,0.9949226863604893,0.9948453311665356,0.0002884115410762846
172,0.1748662789662679,0.0435824330157259,0.016954739888509113,0.0035499031428101,0.01,5,70,"{'learning_rate': 0.01, 'max_depth': 5, 'n_estimators': 70}",0.9907706506691278,0.9949215143120961,0.9953831948291783,0.9936917866034675,0.0020741365408494957,23,0.9930747922437673,0.9951534733441034,0.9949226863604893,0.9943836506494533,0.0009302861217757058
171,0.13397638003031412,0.029249799802555633,0.021274725596110027,0.013872619810919648,0.01,5,40,"{'learning_rate': 0.01, 'max_depth': 5, 'n_estimators': 40}",0.9907706506691278,0.9930747922437673,0.9926131117266851,0.9921528515465267,0.0009953715132468618,24,0.9930747922437673,0.9935379644588045,0.9921532425571198,0.9929219997532305,0.0005755419736356588
170,0.06449381510416667,0.0036697930521771382,0.010636727015177408,0.0004726664749706005,0.01,5,20,"{'learning_rate': 0.01, 'max_depth': 5, 'n_estimators': 20}",0.9833871712044301,0.9930747922437673,0.9926131117266851,0.9896916917249609,0.0044619518502039815,25,0.9868421052631579,0.9935379644588045,0.9921532425571198,0.9908444374263606,0.0028859846089572695
169,0.06283140182495117,0.009177142800356202,0.03158338864644369,0.015543730114804638,0.01,5,10,"{'learning_rate': 0.01, 'max_depth': 5, 'n_estimators': 10}",0.9907706506691278,0.9930747922437673,0.9806094182825484,0.9881516203984813,0.005415464071661247,26,0.9930747922437673,0.9935379644588045,0.9829217632125549,0.9898448399717088,0.004899005068041837
125,0.204785426457723,0.035768932778882205,0.015292167663574219,0.0004701903326584075,0.001,5,100,"{'learning_rate': 0.001, 'max_depth': 5, 'n_estimators': 100}",0.9907706506691278,0.9930747922437673,0.9806094182825484,0.9881516203984813,0.005415464071661247,26,0.9930747922437673,0.9935379644588045,0.9829217632125549,0.9898448399717088,0.004899005068041837
167,0.29920172691345215,0.010007940488483932,0.028586784998575848,0.01580074338906788,0.01,4,100,"{'learning_rate': 0.01, 'max_depth': 4, 'n_estimators': 100}",0.9875403784033225,0.9926131117266851,0.9792243767313019,0.9864592889537699,0.005519125654944519,28,0.9884579870729455,0.9928456035079621,0.9799215324255712,0.9870750410021597,0.005366085364689349
166,0.15990471839904785,0.031120038199107226,0.01994665463765462,0.010005857277282164,0.01,4,70,"{'learning_rate': 0.01, 'max_depth': 4, 'n_estimators': 70}",0.9921550530687586,0.9815327793167128,0.9792243767313019,0.984304069705591,0.005630904927311576,29,0.9930747922437673,0.9787675975075005,0.9799215324255712,0.9839213073922797,0.006489612476545131
180,0.10272733370463054,0.010648436691063218,0.010306437810262045,0.0004709798898299755,0.01,20,5,"{'learning_rate': 0.01, 'max_depth': 20, 'n_estimators': 5}",0.9824642362713428,0.9810710987996306,0.9889196675900277,0.9841516675536671,0.003419120380431546,30,0.9826869806094183,0.9833833371797831,0.9879990768520656,0.9846897982137556,0.00235721897550953
186,0.0910940170288086,0.015419945895860751,0.008638779322306315,0.00046780120415848255,0.01,50,5,"{'learning_rate': 0.01, 'max_depth': 50, 'n_estimators': 5}",0.9824642362713428,0.9810710987996306,0.9889196675900277,0.9841516675536671,0.003419120380431546,30,0.9826869806094183,0.9833833371797831,0.9879990768520656,0.9846897982137556,0.00235721897550953
174,0.055852254231770836,0.013408339592518033,0.021277507146199543,0.015325106477605762,0.01,10,5,"{'learning_rate': 0.01, 'max_depth': 10, 'n_estimators': 5}",0.9824642362713428,0.9810710987996306,0.9889196675900277,0.9841516675536671,0.003419120380431546,30,0.9826869806094183,0.9833833371797831,0.9879990768520656,0.9846897982137556,0.00235721897550953
165,0.0957504113515218,0.001414167662341944,0.01295908292134603,0.002151005640815302,0.01,4,40,"{'learning_rate': 0.01, 'max_depth': 4, 'n_estimators': 40}",0.9783110290724504,0.9815327793167128,0.9792243767313019,0.979689395040155,0.0013557532174103277,33,0.9803785780240074,0.9787675975075005,0.9799215324255712,0.9796892359856931,0.0006778818889876742
164,0.08410827318827312,0.024662932431844788,0.010969241460164389,0.0014119756745903955,0.01,4,20,"{'learning_rate': 0.01, 'max_depth': 4, 'n_estimators': 20}",0.9783110290724504,0.9778393351800554,0.9792243767313019,0.9784582469946025,0.000574943395545422,34,0.9803785780240074,0.9778444495730441,0.9799215324255712,0.979381520007541,0.0011027728113610392
124,0.20877393086751303,0.01031015280684136,0.019290606180826824,0.006830599348528104,0.001,5,70,"{'learning_rate': 0.001, 'max_depth': 5, 'n_estimators': 70}",0.9741578218735579,0.9778393351800554,0.9806094182825484,0.9775355251120539,0.002642599663738861,35,0.9785318559556787,0.9741518578352181,0.9829217632125549,0.9785351590011505,0.003580299639643052
161,0.24600887298583984,0.01631345633398831,0.02493572235107422,0.01412515338765943,0.01,3,100,"{'learning_rate': 0.01, 'max_depth': 3, 'n_estimators': 100}",0.9796954314720813,0.9806094182825484,0.9616805170821792,0.9739951222789363,0.00871573170905825,36,0.9810710987996306,0.9806138933764136,0.9644588045234249,0.9753812655664897,0.007725601406048408
163,0.06881324450174968,0.0056980564529710955,0.015626827875773113,0.009439588293532376,0.01,4,10,"{'learning_rate': 0.01, 'max_depth': 4, 'n_estimators': 10}",0.9769266266728196,0.9653739612188366,0.9792243767313019,0.9738416548743194,0.006060599019631727,37,0.9783010156971376,0.9711516270482344,0.9799215324255712,0.9764580583903144,0.003810090008380367
119,0.24468231201171875,0.05054498996649707,0.025269190470377605,0.00782896332875117,0.001,4,100,"{'learning_rate': 0.001, 'max_depth': 4, 'n_estimators': 100}",0.9769266266728196,0.9653739612188366,0.9792243767313019,0.9738416548743194,0.006060599019631727,37,0.9783010156971376,0.9711516270482344,0.9799215324255712,0.9764580583903144,0.003810090008380367
160,0.154587189356486,0.02972156143011044,0.014627456665039062,0.0020504013697300156,0.01,3,70,"{'learning_rate': 0.01, 'max_depth': 3, 'n_estimators': 70}",0.9796954314720813,0.9616805170821792,0.9607571560480148,0.9673777015340917,0.00871810384654774,39,0.9810710987996306,0.9644588045234249,0.9614585737364413,0.9689961590198323,0.00862567772054689
155,0.15924310684204102,0.022977647083260777,0.014958063761393229,3.164976080535233e-06,0.01,2,100,"{'learning_rate': 0.01, 'max_depth': 2, 'n_estimators': 100}",0.9607752653437933,0.9709141274238227,0.9681440443213296,0.9666111456963152,0.004278743173362363,40,0.9649122807017544,0.9729979229171475,0.9676898222940227,0.9685333419709748,0.0033544047254210766
158,0.0794517993927002,0.015585805291461911,0.020280838012695312,0.012456960142021226,0.01,3,20,"{'learning_rate': 0.01, 'max_depth': 3, 'n_estimators': 20}",0.9570835256114444,0.9616805170821792,0.9607571560480148,0.9598403995805462,0.001985516634864645,41,0.9632963988919667,0.9644588045234249,0.9614585737364413,0.963071259050611,0.001235141599147073
159,0.13963119188944498,0.041330985290322336,0.011961936950683594,7.3019947200362946e-06,0.01,3,40,"{'learning_rate': 0.01, 'max_depth': 3, 'n_estimators': 40}",0.9570835256114444,0.9616805170821792,0.9607571560480148,0.9598403995805462,0.001985516634864645,41,0.9632963988919667,0.9644588045234249,0.9614585737364413,0.963071259050611,0.001235141599147073
118,0.17885470390319824,0.036137535838925906,0.013631025950113932,0.001244431406646791,0.001,4,70,"{'learning_rate': 0.001, 'max_depth': 4, 'n_estimators': 70}",0.9769266266728196,0.9653739612188366,0.9312096029547553,0.9578367302821372,0.019409945080711716,43,0.9783010156971376,0.9711516270482344,0.9420724671128549,0.9638417032860757,0.015667443360620214
168,0.051863511403401695,0.007462212090097947,0.02227187156677246,0.017396196069938967,0.01,5,5,"{'learning_rate': 0.01, 'max_depth': 5, 'n_estimators': 5}",0.9367789570835257,0.9321329639889196,0.974145891043398,0.9476859373719476,0.018805906415809034,44,0.9279778393351801,0.9303023309485345,0.9769213016385876,0.9450671573074341,0.0225442631079041
113,0.1748647689819336,0.030265081550260226,0.018959919611612957,0.007106125682706846,0.001,3,100,"{'learning_rate': 0.001, 'max_depth': 3, 'n_estimators': 100}",0.9570835256114444,0.935826408125577,0.9242843951985226,0.9390647763118479,0.013584574839215055,45,0.9632963988919667,0.931225478882991,0.9369951534733441,0.9438390104161005,0.013958623641443959
157,0.08643762270609538,0.00954003870435787,0.013964335123697916,0.004955217755345814,0.01,3,10,"{'learning_rate': 0.01, 'max_depth': 3, 'n_estimators': 10}",0.9570835256114444,0.935826408125577,0.9242843951985226,0.9390647763118479,0.013584574839215055,45,0.9632963988919667,0.931225478882991,0.9369951534733441,0.9438390104161005,0.013958623641443959
112,0.18384218215942383,0.0023526371342147204,0.02194062868754069,0.01000604746636699,0.001,3,70,"{'learning_rate': 0.001, 'max_depth': 3, 'n_estimators': 70}",0.9381633594831564,0.935826408125577,0.9242843951985226,0.9327580542690853,0.006067262366999975,47,0.9300554016620498,0.931225478882991,0.9369951534733441,0.9327586780061283,0.003033486823660428
156,0.04521306355794271,0.0049748576123772575,0.01828304926554362,0.011784288252475588,0.01,3,5,"{'learning_rate': 0.01, 'max_depth': 3, 'n_estimators': 5}",0.9381633594831564,0.935826408125577,0.9242843951985226,0.9327580542690853,0.006067262366999975,47,0.9300554016620498,0.931225478882991,0.9369951534733441,0.9327586780061283,0.003033486823660428
154,0.13231356938680014,0.024243150212217277,0.012299537658691406,0.0004703594739207546,0.01,2,70,"{'learning_rate': 0.01, 'max_depth': 2, 'n_estimators': 70}",0.9335486848177204,0.9506001846722069,0.9127423822714681,0.9322970839204651,0.015480701518511216,49,0.9344413665743305,0.9531502423263328,0.9224555735056543,0.9366823941354392,0.012630843912159892
162,0.05153059959411621,0.012333642869312043,0.014292160669962565,0.007521245608783315,0.01,4,5,"{'learning_rate': 0.01, 'max_depth': 4, 'n_estimators': 5}",0.9367789570835257,0.9321329639889196,0.9270544783010157,0.9319887997911537,0.003971310395390885,50,0.9279778393351801,0.9303023309485345,0.9397645972767136,0.9326815891868093,0.005097552878023915
149,0.18217841784159342,0.010752485729477356,0.020951588948567707,0.009882432817838445,0.01,1,100,"{'learning_rate': 0.01, 'max_depth': 1, 'n_estimators': 100}",0.9155514536225197,0.9187442289935365,0.9233610341643582,0.9192189055934715,0.0032058670658404024,51,0.9162049861495845,0.9136856681283175,0.9284560350796215,0.9194488964525078,0.006451519227236447
153,0.0827781359354655,0.0037303838663958785,0.012299140294392904,0.0012438577690820215,0.01,2,40,"{'learning_rate': 0.01, 'max_depth': 2, 'n_estimators': 40}",0.928011075219197,0.9182825484764543,0.9030470914127424,0.9164469050361314,0.010273827978646602,52,0.9298245614035088,0.9143780290791599,0.9185321947842142,0.9209115950889609,0.0065266121670925345
152,0.0781240463256836,0.019103639645558158,0.01861723264058431,0.010844655721865777,0.01,2,20,"{'learning_rate': 0.01, 'max_depth': 2, 'n_estimators': 20}",0.9229349330872173,0.9168975069252078,0.9030470914127424,0.9142931771417224,0.008325401365023643,53,0.9157433056325023,0.9116085852757905,0.9185321947842142,0.9152946952308355,0.0028442961197979533
151,0.06979600588480632,0.01698429183932944,0.009971062342325846,0.0014121470293873687,0.01,2,10,"{'learning_rate': 0.01, 'max_depth': 2, 'n_estimators': 10}",0.9201661282879557,0.9168975069252078,0.9030470914127424,0.9133702422086353,0.007420536960324418,54,0.909972299168975,0.9116085852757905,0.9185321947842142,0.91337102640966,0.0037101304827650795
107,0.18317643801371256,0.0350462779884675,0.013964176177978516,0.0014105709979752225,0.001,2,100,"{'learning_rate': 0.001, 'max_depth': 2, 'n_estimators': 100}",0.9201661282879557,0.9168975069252078,0.9030470914127424,0.9133702422086353,0.007420536960324418,54,0.909972299168975,0.9116085852757905,0.9185321947842142,0.91337102640966,0.0037101304827650795
106,0.1442861557006836,0.029595379045177624,0.01096487045288086,0.0008096341335825888,0.001,2,70,"{'learning_rate': 0.001, 'max_depth': 2, 'n_estimators': 70}",0.9201661282879557,0.9168975069252078,0.9030470914127424,0.9133702422086353,0.007420536960324418,54,0.909972299168975,0.9116085852757905,0.9185321947842142,0.91337102640966,0.0037101304827650795
148,0.0987386703491211,0.012158914457038688,0.017613967259724934,0.008712456819370183,0.01,1,70,"{'learning_rate': 0.01, 'max_depth': 1, 'n_estimators': 70}",0.8532533456391325,0.8564173591874423,0.8984302862419206,0.8693669970228318,0.02059140323221924,57,0.8550323176361958,0.8534502654050311,0.906992845603508,0.8718251428815783,0.024875707137272836
150,0.03955793380737305,0.002478837343947042,0.01030270258585612,0.0032922322093937085,0.01,2,5,"{'learning_rate': 0.01, 'max_depth': 2, 'n_estimators': 5}",0.8504845408398708,0.8481071098799631,0.8388734995383195,0.8458217167527179,0.00500808255630354,58,0.8434903047091413,0.8446803600276944,0.8492960996999769,0.8458222548122709,0.002503964409116736
147,0.07413466771443684,0.008476163415385504,0.008975664774576822,0.0008139070986999213,0.01,1,40,"{'learning_rate': 0.01, 'max_depth': 1, 'n_estimators': 40}",0.8532533456391325,0.8227146814404432,0.8180978762696214,0.8313553011163991,0.015598546683073687,59,0.8550323176361958,0.815831987075929,0.8181398569120701,0.8296680538747316,0.017959973513640193
146,0.06536436080932617,0.005302486970384376,0.01064451535542806,0.0009353015572075914,0.01,1,20,"{'learning_rate': 0.01, 'max_depth': 1, 'n_estimators': 20}",0.7918781725888325,0.7894736842105263,0.7876269621421976,0.7896596063138522,0.0017405215380786024,60,0.788550323176362,0.7897530579275329,0.7906762058619894,0.7896598623219614,0.0008703862605900829
145,0.04122153917948405,0.00047159839135443654,0.009640773137410482,0.0012439002839297036,0.01,1,10,"{'learning_rate': 0.01, 'max_depth': 1, 'n_estimators': 10}",0.7918781725888325,0.7894736842105263,0.7876269621421976,0.7896596063138522,0.0017405215380786024,60,0.788550323176362,0.7897530579275329,0.7906762058619894,0.7896598623219614,0.0008703862605900829
101,0.13530389467875162,0.029989972892420703,0.01264047622680664,0.0009360220096192263,0.001,1,100,"{'learning_rate': 0.001, 'max_depth': 1, 'n_estimators': 100}",0.7918781725888325,0.7894736842105263,0.7876269621421976,0.7896596063138522,0.0017405215380786024,60,0.788550323176362,0.7897530579275329,0.7906762058619894,0.7896598623219614,0.0008703862605900829
100,0.09407830238342285,0.0026172726215454053,0.010635455449422201,0.00046975165715181725,0.001,1,70,"{'learning_rate': 0.001, 'max_depth': 1, 'n_estimators': 70}",0.7918781725888325,0.7894736842105263,0.7876269621421976,0.7896596063138522,0.0017405215380786024,60,0.788550323176362,0.7897530579275329,0.7906762058619894,0.7896598623219614,0.0008703862605900829
110,0.06548802057902019,0.011575750094894829,0.012964884440104166,0.004231431216809219,0.001,3,20,"{'learning_rate': 0.001, 'max_depth': 3, 'n_estimators': 20}",0.5219197046608214,0.5216989843028624,0.5216989843028624,0.5217725577555155,0.00010404857457246279,64,0.5216989843028624,0.5218093699515347,0.5218093699515347,0.5217725747353106,5.203629381456012e-05
109,0.051195224126180015,0.004629976046350591,0.008981466293334961,0.0008137458605517933,0.001,3,10,"{'learning_rate': 0.001, 'max_depth': 3, 'n_estimators': 10}",0.5219197046608214,0.5216989843028624,0.5216989843028624,0.5217725577555155,0.00010404857457246279,64,0.5216989843028624,0.5218093699515347,0.5218093699515347,0.5217725747353106,5.203629381456012e-05
111,0.0924207369486491,0.015136153094072392,0.012962977091471354,0.0035470002790931724,0.001,3,40,"{'learning_rate': 0.001, 'max_depth': 3, 'n_estimators': 40}",0.5219197046608214,0.5216989843028624,0.5216989843028624,0.5217725577555155,0.00010404857457246279,64,0.5216989843028624,0.5218093699515347,0.5218093699515347,0.5217725747353106,5.203629381456012e-05
103,0.05585320790608724,0.014947841942897503,0.008972962697347006,0.0008172168465477186,0.001,2,10,"{'learning_rate': 0.001, 'max_depth': 2, 'n_estimators': 10}",0.5219197046608214,0.5216989843028624,0.5216989843028624,0.5217725577555155,0.00010404857457246279,64,0.5216989843028624,0.5218093699515347,0.5218093699515347,0.5217725747353106,5.203629381456012e-05
105,0.0827790101369222,0.012797047921551567,0.013628721237182617,0.00523705857505757,0.001,2,40,"{'learning_rate': 0.001, 'max_depth': 2, 'n_estimators': 40}",0.5219197046608214,0.5216989843028624,0.5216989843028624,0.5217725577555155,0.00010404857457246279,64,0.5216989843028624,0.5218093699515347,0.5218093699515347,0.5217725747353106,5.203629381456012e-05
104,0.08477330207824707,0.004531361172799742,0.010306755701700846,0.0020511106280320947,0.001,2,20,"{'learning_rate': 0.001, 'max_depth': 2, 'n_estimators': 20}",0.5219197046608214,0.5216989843028624,0.5216989843028624,0.5217725577555155,0.00010404857457246279,64,0.5216989843028624,0.5218093699515347,0.5218093699515347,0.5217725747353106,5.203629381456012e-05
102,0.045211394627889,0.008236249719657507,0.009307622909545898,0.000940380564571404,0.001,2,5,"{'learning_rate': 0.001, 'max_depth': 2, 'n_estimators': 5}",0.5219197046608214,0.5216989843028624,0.5216989843028624,0.5217725577555155,0.00010404857457246279,64,0.5216989843028624,0.5218093699515347,0.5218093699515347,0.5217725747353106,5.203629381456012e-05
99,0.09142065048217773,0.01747063816544374,0.020612001419067383,0.012986172954438772,0.001,1,40,"{'learning_rate': 0.001, 'max_depth': 1, 'n_estimators': 40}",0.5219197046608214,0.5216989843028624,0.5216989843028624,0.5217725577555155,0.00010404857457246279,64,0.5216989843028624,0.5218093699515347,0.5218093699515347,0.5217725747353106,5.203629381456012e-05
98,0.053521951039632164,0.00448464624949749,0.009974082310994467,0.0016277172912646152,0.001,1,20,"{'learning_rate': 0.001, 'max_depth': 1, 'n_estimators': 20}",0.5219197046608214,0.5216989843028624,0.5216989843028624,0.5217725577555155,0.00010404857457246279,64,0.5216989843028624,0.5218093699515347,0.5218093699515347,0.5217725747353106,5.203629381456012e-05
97,0.04687182108561198,0.0014084949252854187,0.009974400202433268,1.9106571324938627e-06,0.001,1,10,"{'learning_rate': 0.001, 'max_depth': 1, 'n_estimators': 10}",0.5219197046608214,0.5216989843028624,0.5216989843028624,0.5217725577555155,0.00010404857457246279,64,0.5216989843028624,0.5218093699515347,0.5218093699515347,0.5217725747353106,5.203629381456012e-05
108,0.05219562848409017,0.017469552550282604,0.008975982666015625,0.0008187736950258166,0.001,3,5,"{'learning_rate': 0.001, 'max_depth': 3, 'n_estimators': 5}",0.5219197046608214,0.5216989843028624,0.5216989843028624,0.5217725577555155,0.00010404857457246279,64,0.5216989843028624,0.5218093699515347,0.5218093699515347,0.5217725747353106,5.203629381456012e-05
114,0.04122551282246908,0.0016968226024456762,0.01096796989440918,0.0014120882272016153,0.001,4,5,"{'learning_rate': 0.001, 'max_depth': 4, 'n_estimators': 5}",0.5219197046608214,0.5216989843028624,0.5216989843028624,0.5217725577555155,0.00010404857457246279,64,0.5216989843028624,0.5218093699515347,0.5218093699515347,0.5217725747353106,5.203629381456012e-05
128,0.07113790512084961,0.005537498824986798,0.009973526000976562,0.0008163414779396328,0.001,10,20,"{'learning_rate': 0.001, 'max_depth': 10, 'n_estimators': 20}",0.5219197046608214,0.5216989843028624,0.5216989843028624,0.5217725577555155,0.00010404857457246279,64,0.5216989843028624,0.5218093699515347,0.5218093699515347,0.5217725747353106,5.203629381456012e-05
116,0.09473935763041179,0.024110939955005743,0.009643793106079102,0.0009375214153563193,0.001,4,20,"{'learning_rate': 0.001, 'max_depth': 4, 'n_estimators': 20}",0.5219197046608214,0.5216989843028624,0.5216989843028624,0.5217725577555155,0.00010404857457246279,64,0.5216989843028624,0.5218093699515347,0.5218093699515347,0.5217725747353106,5.203629381456012e-05
144,0.047540903091430664,0.0075656970992110245,0.009971062342325846,0.0008159517556744744,0.01,1,5,"{'learning_rate': 0.01, 'max_depth': 1, 'n_estimators': 5}",0.5219197046608214,0.5216989843028624,0.5216989843028624,0.5217725577555155,0.00010404857457246279,64,0.5216989843028624,0.5218093699515347,0.5218093699515347,0.5217725747353106,5.203629381456012e-05
96,0.03823153177897135,0.0017000479688244682,0.009634256362915039,0.00047963233107736406,0.001,1,5,"{'learning_rate': 0.001, 'max_depth': 1, 'n_estimators': 5}",0.5219197046608214,0.5216989843028624,0.5216989843028624,0.5217725577555155,0.00010404857457246279,64,0.5216989843028624,0.5218093699515347,0.5218093699515347,0.5217725747353106,5.203629381456012e-05
141,0.13497471809387207,0.020316826371818555,0.011634031931559244,0.0023508395457582706,0.001,50,40,"{'learning_rate': 0.001, 'max_depth': 50, 'n_estimators': 40}",0.5219197046608214,0.5216989843028624,0.5216989843028624,0.5217725577555155,0.00010404857457246279,64,0.5216989843028624,0.5218093699515347,0.5218093699515347,0.5217725747353106,5.203629381456012e-05
140,0.07047915458679199,0.0030840148869784485,0.010638713836669922,0.00047103515003029387,0.001,50,20,"{'learning_rate': 0.001, 'max_depth': 50, 'n_estimators': 20}",0.5219197046608214,0.5216989843028624,0.5216989843028624,0.5217725577555155,0.00010404857457246279,64,0.5216989843028624,0.5218093699515347,0.5218093699515347,0.5217725747353106,5.203629381456012e-05
139,0.050865888595581055,0.002825356138452878,0.011299212773640951,0.0024845939098720074,0.001,50,10,"{'learning_rate': 0.001, 'max_depth': 50, 'n_estimators': 10}",0.5219197046608214,0.5216989843028624,0.5216989843028624,0.5217725577555155,0.00010404857457246279,64,0.5216989843028624,0.5218093699515347,0.5218093699515347,0.5217725747353106,5.203629381456012e-05
135,0.1406247615814209,0.03598922743281559,0.011968851089477539,0.0014139456933558378,0.001,20,40,"{'learning_rate': 0.001, 'max_depth': 20, 'n_estimators': 40}",0.5219197046608214,0.5216989843028624,0.5216989843028624,0.5217725577555155,0.00010404857457246279,64,0.5216989843028624,0.5218093699515347,0.5218093699515347,0.5217725747353106,5.203629381456012e-05
134,0.09939908981323242,0.02405100809762788,0.013634443283081055,0.005242145297579409,0.001,20,20,"{'learning_rate': 0.001, 'max_depth': 20, 'n_estimators': 20}",0.5219197046608214,0.5216989843028624,0.5216989843028624,0.5217725577555155,0.00010404857457246279,64,0.5216989843028624,0.5218093699515347,0.5218093699515347,0.5217725747353106,5.203629381456012e-05
133,0.0498661994934082,0.0016298576684186336,0.010970830917358398,1.9466795466607238e-07,0.001,20,10,"{'learning_rate': 0.001, 'max_depth': 20, 'n_estimators': 10}",0.5219197046608214,0.5216989843028624,0.5216989843028624,0.5217725577555155,0.00010404857457246279,64,0.5216989843028624,0.5218093699515347,0.5218093699515347,0.5217725747353106,5.203629381456012e-05
132,0.041554927825927734,0.00047002229959503347,0.01196893056233724,0.0014100093357410919,0.001,20,5,"{'learning_rate': 0.001, 'max_depth': 20, 'n_estimators': 5}",0.5219197046608214,0.5216989843028624,0.5216989843028624,0.5217725577555155,0.00010404857457246279,64,0.5216989843028624,0.5218093699515347,0.5218093699515347,0.5217725747353106,5.203629381456012e-05
129,0.14362001419067383,0.027239870134774302,0.011303027470906576,0.0012415248565370936,0.001,10,40,"{'learning_rate': 0.001, 'max_depth': 10, 'n_estimators': 40}",0.5219197046608214,0.5216989843028624,0.5216989843028624,0.5217725577555155,0.00010404857457246279,64,0.5216989843028624,0.5218093699515347,0.5218093699515347,0.5217725747353106,5.203629381456012e-05
127,0.05917986234029134,0.012776974008649819,0.01495512326558431,0.00986989285759444,0.001,10,10,"{'learning_rate': 0.001, 'max_depth': 10, 'n_estimators': 10}",0.5219197046608214,0.5216989843028624,0.5216989843028624,0.5217725577555155,0.00010404857457246279,64,0.5216989843028624,0.5218093699515347,0.5218093699515347,0.5217725747353106,5.203629381456012e-05
126,0.041558265686035156,0.00047411395345674435,0.010306676228841146,0.0004750259625290677,0.001,10,5,"{'learning_rate': 0.001, 'max_depth': 10, 'n_estimators': 5}",0.5219197046608214,0.5216989843028624,0.5216989843028624,0.5217725577555155,0.00010404857457246279,64,0.5216989843028624,0.5218093699515347,0.5218093699515347,0.5217725747353106,5.203629381456012e-05
123,0.13497010866800943,0.013165358982964415,0.013631105422973633,0.0016953886988495374,0.001,5,40,"{'learning_rate': 0.001, 'max_depth': 5, 'n_estimators': 40}",0.5219197046608214,0.5216989843028624,0.5216989843028624,0.5217725577555155,0.00010404857457246279,64,0.5216989843028624,0.5218093699515347,0.5218093699515347,0.5217725747353106,5.203629381456012e-05
122,0.07580018043518066,0.01096054335337839,0.009636799494425455,0.00046712689411052683,0.001,5,20,"{'learning_rate': 0.001, 'max_depth': 5, 'n_estimators': 20}",0.5219197046608214,0.5216989843028624,0.5216989843028624,0.5217725577555155,0.00010404857457246279,64,0.5216989843028624,0.5218093699515347,0.5218093699515347,0.5217725747353106,5.203629381456012e-05
121,0.04986699422200521,0.0014104583377250208,0.010306040445963541,0.0009404928957177735,0.001,5,10,"{'learning_rate': 0.001, 'max_depth': 5, 'n_estimators': 10}",0.5219197046608214,0.5216989843028624,0.5216989843028624,0.5217725577555155,0.00010404857457246279,64,0.5216989843028624,0.5218093699515347,0.5218093699515347,0.5217725747353106,5.203629381456012e-05
120,0.05585010846455892,0.011282655152247693,0.009309689203898111,0.0004726073027757551,0.001,5,5,"{'learning_rate': 0.001, 'max_depth': 5, 'n_estimators': 5}",0.5219197046608214,0.5216989843028624,0.5216989843028624,0.5217725577555155,0.00010404857457246279,64,0.5216989843028624,0.5218093699515347,0.5218093699515347,0.5217725747353106,5.203629381456012e-05
117,0.08908581733703613,0.00047655267971551774,0.013301452000935873,0.0004676276124356294,0.001,4,40,"{'learning_rate': 0.001, 'max_depth': 4, 'n_estimators': 40}",0.5219197046608214,0.5216989843028624,0.5216989843028624,0.5217725577555155,0.00010404857457246279,64,0.5216989843028624,0.5218093699515347,0.5218093699515347,0.5217725747353106,5.203629381456012e-05
115,0.057512362798055015,0.010844246386598968,0.009641249974568685,0.0012444102726748354,0.001,4,10,"{'learning_rate': 0.001, 'max_depth': 4, 'n_estimators': 10}",0.5219197046608214,0.5216989843028624,0.5216989843028624,0.5217725577555155,0.00010404857457246279,64,0.5216989843028624,0.5218093699515347,0.5218093699515347,0.5217725747353106,5.203629381456012e-05
138,0.0611718495686849,0.01647736843895451,0.0106352170308431,0.001691102486705996,0.001,50,5,"{'learning_rate': 0.001, 'max_depth': 50, 'n_estimators': 5}",0.5219197046608214,0.5216989843028624,0.5216989843028624,0.5217725577555155,0.00010404857457246279,64,0.5216989843028624,0.5218093699515347,0.5218093699515347,0.5217725747353106,5.203629381456012e-05
0,0.0907598336537679,0.05870996967343456,0.009970982869466146,0.0014132312889376705,1e-05,1,5,"{'learning_rate': 1e-05, 'max_depth': 1, 'n_estimators': 5}",0.5219197046608214,0.5216989843028624,0.5216989843028624,0.5217725577555155,0.00010404857457246279,64,0.5216989843028624,0.5218093699515347,0.5218093699515347,0.5217725747353106,5.203629381456012e-05
93,0.14594308535257974,0.03073256808769191,0.01629010836283366,0.0075220885489019436,0.0001,50,40,"{'learning_rate': 0.0001, 'max_depth': 50, 'n_estimators': 40}",0.5219197046608214,0.5216989843028624,0.5216989843028624,0.5217725577555155,0.00010404857457246279,64,0.5216989843028624,0.5218093699515347,0.5218093699515347,0.5217725747353106,5.203629381456012e-05
25,0.05784924825032552,0.007238247601392026,0.0089720090230306,0.0008095277212940436,1e-05,5,10,"{'learning_rate': 1e-05, 'max_depth': 5, 'n_estimators': 10}",0.5219197046608214,0.5216989843028624,0.5216989843028624,0.5217725577555155,0.00010404857457246279,64,0.5216989843028624,0.5218093699515347,0.5218093699515347,0.5217725747353106,5.203629381456012e-05
26,0.06349666913350423,0.003390434237306109,0.009640216827392578,0.0012440066890808776,1e-05,5,20,"{'learning_rate': 1e-05, 'max_depth': 5, 'n_estimators': 20}",0.5219197046608214,0.5216989843028624,0.5216989843028624,0.5217725577555155,0.00010404857457246279,64,0.5216989843028624,0.5218093699515347,0.5218093699515347,0.5217725747353106,5.203629381456012e-05
27,0.11635780334472656,0.02739994776205247,0.011633714040120443,0.0012467707042362465,1e-05,5,40,"{'learning_rate': 1e-05, 'max_depth': 5, 'n_estimators': 40}",0.5219197046608214,0.5216989843028624,0.5216989843028624,0.5217725577555155,0.00010404857457246279,64,0.5216989843028624,0.5218093699515347,0.5218093699515347,0.5217725747353106,5.203629381456012e-05
28,0.1652232805887858,0.03842352847378122,0.012971321741739908,0.0008218986248403413,1e-05,5,70,"{'learning_rate': 1e-05, 'max_depth': 5, 'n_estimators': 70}",0.5219197046608214,0.5216989843028624,0.5216989843028624,0.5217725577555155,0.00010404857457246279,64,0.5216989843028624,0.5218093699515347,0.5218093699515347,0.5217725747353106,5.203629381456012e-05
29,0.20744562149047852,0.020012078834616864,0.015292803446451822,0.0004699093033197255,1e-05,5,100,"{'learning_rate': 1e-05, 'max_depth': 5, 'n_estimators': 100}",0.5219197046608214,0.5216989843028624,0.5216989843028624,0.5217725577555155,0.00010404857457246279,64,0.5216989843028624,0.5218093699515347,0.5218093699515347,0.5217725747353106,5.203629381456012e-05
30,0.043881893157958984,0.0040640954776429055,0.010300636291503906,0.0012460585381705094,1e-05,10,5,"{'learning_rate': 1e-05, 'max_depth': 10, 'n_estimators': 5}",0.5219197046608214,0.5216989843028624,0.5216989843028624,0.5217725577555155,0.00010404857457246279,64,0.5216989843028624,0.5218093699515347,0.5218093699515347,0.5217725747353106,5.203629381456012e-05
31,0.0811147689819336,0.016395204449311994,0.009973843892415365,1.3810910540408108e-06,1e-05,10,10,"{'learning_rate': 1e-05, 'max_depth': 10, 'n_estimators': 10}",0.5219197046608214,0.5216989843028624,0.5216989843028624,0.5217725577555155,0.00010404857457246279,64,0.5216989843028624,0.5218093699515347,0.5218093699515347,0.5217725747353106,5.203629381456012e-05
32,0.0857689380645752,0.019148462770543707,0.0126344362894694,0.001697150423314235,1e-05,10,20,"{'learning_rate': 1e-05, 'max_depth': 10, 'n_estimators': 20}",0.5219197046608214,0.5216989843028624,0.5216989843028624,0.5217725577555155,0.00010404857457246279,64,0.5216989843028624,0.5218093699515347,0.5218093699515347,0.5217725747353106,5.203629381456012e-05
33,0.10438823699951172,0.0020490477321806573,0.011635144551595053,0.0009409987636022739,1e-05,10,40,"{'learning_rate': 1e-05, 'max_depth': 10, 'n_estimators': 40}",0.5219197046608214,0.5216989843028624,0.5216989843028624,0.5217725577555155,0.00010404857457246279,64,0.5216989843028624,0.5218093699515347,0.5218093699515347,0.5217725747353106,5.203629381456012e-05
24,0.046872456868489586,0.007464654666539283,0.010309775670369467,0.001696080171162763,1e-05,5,5,"{'learning_rate': 1e-05, 'max_depth': 5, 'n_estimators': 5}",0.5219197046608214,0.5216989843028624,0.5216989843028624,0.5217725577555155,0.00010404857457246279,64,0.5216989843028624,0.5218093699515347,0.5218093699515347,0.5217725747353106,5.203629381456012e-05
34,0.23670220375061035,0.017770814675282437,0.03291018803914388,0.012294685490074227,1e-05,10,70,"{'learning_rate': 1e-05, 'max_depth': 10, 'n_estimators': 70}",0.5219197046608214,0.5216989843028624,0.5216989843028624,0.5217725577555155,0.00010404857457246279,64,0.5216989843028624,0.5218093699515347,0.5218093699515347,0.5217725747353106,5.203629381456012e-05
36,0.05352330207824707,0.011862295898504427,0.009970267613728842,0.0008089427812584809,1e-05,20,5,"{'learning_rate': 1e-05, 'max_depth': 20, 'n_estimators': 5}",0.5219197046608214,0.5216989843028624,0.5216989843028624,0.5217725577555155,0.00010404857457246279,64,0.5216989843028624,0.5218093699515347,0.5218093699515347,0.5217725747353106,5.203629381456012e-05
37,0.06349619229634602,0.008474215275650092,0.009307940800984701,0.00047030264365569767,1e-05,20,10,"{'learning_rate': 1e-05, 'max_depth': 20, 'n_estimators': 10}",0.5219197046608214,0.5216989843028624,0.5216989843028624,0.5217725577555155,0.00010404857457246279,64,0.5216989843028624,0.5218093699515347,0.5218093699515347,0.5217725747353106,5.203629381456012e-05
38,0.0764621098836263,0.016455422164598155,0.011304060618082682,0.001695170520203069,1e-05,20,20,"{'learning_rate': 1e-05, 'max_depth': 20, 'n_estimators': 20}",0.5219197046608214,0.5216989843028624,0.5216989843028624,0.5217725577555155,0.00010404857457246279,64,0.5216989843028624,0.5218093699515347,0.5218093699515347,0.5217725747353106,5.203629381456012e-05
39,0.15990781784057617,0.00831967711158853,0.011964797973632812,0.0008125457917077729,1e-05,20,40,"{'learning_rate': 1e-05, 'max_depth': 20, 'n_estimators': 40}",0.5219197046608214,0.5216989843028624,0.5216989843028624,0.5217725577555155,0.00010404857457246279,64,0.5216989843028624,0.5218093699515347,0.5218093699515347,0.5217725747353106,5.203629381456012e-05
40,0.14926727612813315,0.0012439643657285748,0.014627536137898764,0.0009404929561578016,1e-05,20,70,"{'learning_rate': 1e-05, 'max_depth': 20, 'n_estimators': 70}",0.5219197046608214,0.5216989843028624,0.5216989843028624,0.5217725577555155,0.00010404857457246279,64,0.5216989843028624,0.5218093699515347,0.5218093699515347,0.5217725747353106,5.203629381456012e-05
41,0.31881117820739746,0.022114250947662454,0.02426918347676595,0.012465235118875907,1e-05,20,100,"{'learning_rate': 1e-05, 'max_depth': 20, 'n_estimators': 100}",0.5219197046608214,0.5216989843028624,0.5216989843028624,0.5217725577555155,0.00010404857457246279,64,0.5216989843028624,0.5218093699515347,0.5218093699515347,0.5217725747353106,5.203629381456012e-05
42,0.04288260142008463,0.0008149797655911876,0.010638554890950521,0.00046974076636106804,1e-05,50,5,"{'learning_rate': 1e-05, 'max_depth': 50, 'n_estimators': 5}",0.5219197046608214,0.5216989843028624,0.5216989843028624,0.5217725577555155,0.00010404857457246279,64,0.5216989843028624,0.5218093699515347,0.5218093699515347,0.5217725747353106,5.203629381456012e-05
43,0.050199429194132485,0.0012439002686971269,0.010305643081665039,0.0016948742079963273,1e-05,50,10,"{'learning_rate': 1e-05, 'max_depth': 50, 'n_estimators': 10}",0.5219197046608214,0.5216989843028624,0.5216989843028624,0.5217725577555155,0.00010404857457246279,64,0.5216989843028624,0.5218093699515347,0.5218093699515347,0.5217725747353106,5.203629381456012e-05
44,0.07845664024353027,0.018031479262306707,0.011636495590209961,0.0016961834785791069,1e-05,50,20,"{'learning_rate': 1e-05, 'max_depth': 50, 'n_estimators': 20}",0.5219197046608214,0.5216989843028624,0.5216989843028624,0.5217725577555155,0.00010404857457246279,64,0.5216989843028624,0.5218093699515347,0.5218093699515347,0.5217725747353106,5.203629381456012e-05
35,0.2899072964986165,0.04134727906091332,0.015273729960123697,0.0009382998915157717,1e-05,10,100,"{'learning_rate': 1e-05, 'max_depth': 10, 'n_estimators': 100}",0.5219197046608214,0.5216989843028624,0.5216989843028624,0.5217725577555155,0.00010404857457246279,64,0.5216989843028624,0.5218093699515347,0.5218093699515347,0.5217725747353106,5.203629381456012e-05
45,0.09707427024841309,0.0020497055412419854,0.01063680648803711,0.0004722169120308186,1e-05,50,40,"{'learning_rate': 1e-05, 'max_depth': 50, 'n_estimators': 40}",0.5219197046608214,0.5216989843028624,0.5216989843028624,0.5217725577555155,0.00010404857457246279,64,0.5216989843028624,0.5218093699515347,0.5218093699515347,0.5217725747353106,5.203629381456012e-05
23,0.2273875872294108,0.043576649270002654,0.015958070755004883,0.0008141988774749561,1e-05,4,100,"{'learning_rate': 1e-05, 'max_depth': 4, 'n_estimators': 100}",0.5219197046608214,0.5216989843028624,0.5216989843028624,0.5217725577555155,0.00010404857457246279,64,0.5216989843028624,0.5218093699515347,0.5218093699515347,0.5217725747353106,5.203629381456012e-05
21,0.13596860567728677,0.022517062407388735,0.01130207379659017,0.0009456632095729169,1e-05,4,40,"{'learning_rate': 1e-05, 'max_depth': 4, 'n_estimators': 40}",0.5219197046608214,0.5216989843028624,0.5216989843028624,0.5217725577555155,0.00010404857457246279,64,0.5216989843028624,0.5218093699515347,0.5218093699515347,0.5217725747353106,5.203629381456012e-05
1,0.056847572326660156,0.010008368284273575,0.011968692143758139,0.0014079878219688125,1e-05,1,10,"{'learning_rate': 1e-05, 'max_depth': 1, 'n_estimators': 10}",0.5219197046608214,0.5216989843028624,0.5216989843028624,0.5217725577555155,0.00010404857457246279,64,0.5216989843028624,0.5218093699515347,0.5218093699515347,0.5217725747353106,5.203629381456012e-05
2,0.06482474009195964,0.00977262333408587,0.010307232538859049,0.0004704158408268909,1e-05,1,20,"{'learning_rate': 1e-05, 'max_depth': 1, 'n_estimators': 20}",0.5219197046608214,0.5216989843028624,0.5216989843028624,0.5217725577555155,0.00010404857457246279,64,0.5216989843028624,0.5218093699515347,0.5218093699515347,0.5217725747353106,5.203629381456012e-05
3,0.10372217496236165,0.03607910718784617,0.010971307754516602,0.003548317767784288,1e-05,1,40,"{'learning_rate': 1e-05, 'max_depth': 1, 'n_estimators': 40}",0.5219197046608214,0.5216989843028624,0.5216989843028624,0.5217725577555155,0.00010404857457246279,64,0.5216989843028624,0.5218093699515347,0.5218093699515347,0.5217725747353106,5.203629381456012e-05
4,0.12233400344848633,0.022542890011678966,0.035571893056233726,0.005422576426197593,1e-05,1,70,"{'learning_rate': 1e-05, 'max_depth': 1, 'n_estimators': 70}",0.5219197046608214,0.5216989843028624,0.5216989843028624,0.5217725577555155,0.00010404857457246279,64,0.5216989843028624,0.5218093699515347,0.5218093699515347,0.5217725747353106,5.203629381456012e-05
5,0.12100632985432942,0.0024867608872051047,0.011972268422444662,0.0014106269217606159,1e-05,1,100,"{'learning_rate': 1e-05, 'max_depth': 1, 'n_estimators': 100}",0.5219197046608214,0.5216989843028624,0.5216989843028624,0.5217725577555155,0.00010404857457246279,64,0.5216989843028624,0.5218093699515347,0.5218093699515347,0.5217725747353106,5.203629381456012e-05
6,0.06084148089090983,0.013850431401416471,0.009304523468017578,0.0004627746997503615,1e-05,2,5,"{'learning_rate': 1e-05, 'max_depth': 2, 'n_estimators': 5}",0.5219197046608214,0.5216989843028624,0.5216989843028624,0.5217725577555155,0.00010404857457246279,64,0.5216989843028624,0.5218093699515347,0.5218093699515347,0.5217725747353106,5.203629381456012e-05
7,0.06316407521565755,0.02021578775271298,0.030917565027872723,0.014726715377252952,1e-05,2,10,"{'learning_rate': 1e-05, 'max_depth': 2, 'n_estimators': 10}",0.5219197046608214,0.5216989843028624,0.5216989843028624,0.5217725577555155,0.00010404857457246279,64,0.5216989843028624,0.5218093699515347,0.5218093699515347,0.5217725747353106,5.203629381456012e-05
8,0.07446646690368652,0.020702915854461507,0.01196726163228353,0.0008147832843135761,1e-05,2,20,"{'learning_rate': 1e-05, 'max_depth': 2, 'n_estimators': 20}",0.5219197046608214,0.5216989843028624,0.5216989843028624,0.5217725577555155,0.00010404857457246279,64,0.5216989843028624,0.5218093699515347,0.5218093699515347,0.5217725747353106,5.203629381456012e-05
9,0.11202843983968098,0.02124962317633965,0.010305325190226236,0.0009426845569182983,1e-05,2,40,"{'learning_rate': 1e-05, 'max_depth': 2, 'n_estimators': 40}",0.5219197046608214,0.5216989843028624,0.5216989843028624,0.5217725577555155,0.00010404857457246279,64,0.5216989843028624,0.5218093699515347,0.5218093699515347,0.5217725747353106,5.203629381456012e-05
22,0.15026362737019858,0.034108787534224215,0.01329819361368815,0.00047092078736172264,1e-05,4,70,"{'learning_rate': 1e-05, 'max_depth': 4, 'n_estimators': 70}",0.5219197046608214,0.5216989843028624,0.5216989843028624,0.5217725577555155,0.00010404857457246279,64,0.5216989843028624,0.5218093699515347,0.5218093699515347,0.5217725747353106,5.203629381456012e-05
10,0.19182038307189941,0.008553231194940452,0.04288951555887858,0.0035525194492020207,1e-05,2,70,"{'learning_rate': 1e-05, 'max_depth': 2, 'n_estimators': 70}",0.5219197046608214,0.5216989843028624,0.5216989843028624,0.5217725577555155,0.00010404857457246279,64,0.5216989843028624,0.5218093699515347,0.5218093699515347,0.5217725747353106,5.203629381456012e-05
12,0.06183171272277832,0.021862504919024122,0.021612803141276043,0.016472740017480357,1e-05,3,5,"{'learning_rate': 1e-05, 'max_depth': 3, 'n_estimators': 5}",0.5219197046608214,0.5216989843028624,0.5216989843028624,0.5217725577555155,0.00010404857457246279,64,0.5216989843028624,0.5218093699515347,0.5218093699515347,0.5217725747353106,5.203629381456012e-05
13,0.04753899574279785,0.006778515015603111,0.012633403142293295,0.003388704160984717,1e-05,3,10,"{'learning_rate': 1e-05, 'max_depth': 3, 'n_estimators': 10}",0.5219197046608214,0.5216989843028624,0.5216989843028624,0.5217725577555155,0.00010404857457246279,64,0.5216989843028624,0.5218093699515347,0.5218093699515347,0.5217725747353106,5.203629381456012e-05
14,0.05751713116963705,0.0038562610856290908,0.014622131983439127,0.001242415546849257,1e-05,3,20,"{'learning_rate': 1e-05, 'max_depth': 3, 'n_estimators': 20}",0.5219197046608214,0.5216989843028624,0.5216989843028624,0.5217725577555155,0.00010404857457246279,64,0.5216989843028624,0.5218093699515347,0.5218093699515347,0.5217725747353106,5.203629381456012e-05
15,0.08710225423177083,0.0069251064106616595,0.011304775873819986,0.0009440332560060365,1e-05,3,40,"{'learning_rate': 1e-05, 'max_depth': 3, 'n_estimators': 40}",0.5219197046608214,0.5216989843028624,0.5216989843028624,0.5217725577555155,0.00010404857457246279,64,0.5216989843028624,0.5218093699515347,0.5218093699515347,0.5217725747353106,5.203629381456012e-05
16,0.2014603614807129,0.05731119698357323,0.012631972630818685,0.002488820545349671,1e-05,3,70,"{'learning_rate': 1e-05, 'max_depth': 3, 'n_estimators': 70}",0.5219197046608214,0.5216989843028624,0.5216989843028624,0.5217725577555155,0.00010404857457246279,64,0.5216989843028624,0.5218093699515347,0.5218093699515347,0.5217725747353106,5.203629381456012e-05
17,0.23071606953938803,0.05081666930514475,0.019945542017618816,0.010586747174325905,1e-05,3,100,"{'learning_rate': 1e-05, 'max_depth': 3, 'n_estimators': 100}",0.5219197046608214,0.5216989843028624,0.5216989843028624,0.5217725577555155,0.00010404857457246279,64,0.5216989843028624,0.5218093699515347,0.5218093699515347,0.5217725747353106,5.203629381456012e-05
18,0.047870238622029625,0.010171318293565126,0.010638554890950521,0.0012454295323788918,1e-05,4,5,"{'learning_rate': 1e-05, 'max_depth': 4, 'n_estimators': 5}",0.5219197046608214,0.5216989843028624,0.5216989843028624,0.5217725577555155,0.00010404857457246279,64,0.5216989843028624,0.5218093699515347,0.5218093699515347,0.5217725747353106,5.203629381456012e-05
19,0.04753851890563965,0.0030832436726231267,0.01795220375061035,0.009906147195681721,1e-05,4,10,"{'learning_rate': 1e-05, 'max_depth': 4, 'n_estimators': 10}",0.5219197046608214,0.5216989843028624,0.5216989843028624,0.5217725577555155,0.00010404857457246279,64,0.5216989843028624,0.5218093699515347,0.5218093699515347,0.5217725747353106,5.203629381456012e-05
20,0.06349579493204753,0.009543160644286999,0.014294862747192383,0.0054221329908055544,1e-05,4,20,"{'learning_rate': 1e-05, 'max_depth': 4, 'n_estimators': 20}",0.5219197046608214,0.5216989843028624,0.5216989843028624,0.5217725577555155,0.00010404857457246279,64,0.5216989843028624,0.5218093699515347,0.5218093699515347,0.5217725747353106,5.203629381456012e-05
11,0.22273715337117514,0.02621416759092,0.012966156005859375,0.0008140054665301639,1e-05,2,100,"{'learning_rate': 1e-05, 'max_depth': 2, 'n_estimators': 100}",0.5219197046608214,0.5216989843028624,0.5216989843028624,0.5217725577555155,0.00010404857457246279,64,0.5216989843028624,0.5218093699515347,0.5218093699515347,0.5217725747353106,5.203629381456012e-05
94,0.2204000155131022,0.018670016776145895,0.013962348302205404,0.0008131282408265336,0.0001,50,70,"{'learning_rate': 0.0001, 'max_depth': 50, 'n_estimators': 70}",0.5219197046608214,0.5216989843028624,0.5216989843028624,0.5217725577555155,0.00010404857457246279,64,0.5216989843028624,0.5218093699515347,0.5218093699515347,0.5217725747353106,5.203629381456012e-05
46,0.21975000699361166,0.05421060576358184,0.0182803471883138,0.0016938790355892814,1e-05,50,70,"{'learning_rate': 1e-05, 'max_depth': 50, 'n_estimators': 70}",0.5219197046608214,0.5216989843028624,0.5216989843028624,0.5217725577555155,0.00010404857457246279,64,0.5216989843028624,0.5218093699515347,0.5218093699515347,0.5217725747353106,5.203629381456012e-05
48,0.04055603345235189,0.006777689043829461,0.015958388646443684,0.00990616314466718,0.0001,1,5,"{'learning_rate': 0.0001, 'max_depth': 1, 'n_estimators': 5}",0.5219197046608214,0.5216989843028624,0.5216989843028624,0.5217725577555155,0.00010404857457246279,64,0.5216989843028624,0.5218093699515347,0.5218093699515347,0.5217725747353106,5.203629381456012e-05
73,0.0462036927541097,0.001251325345081516,0.009308497111002604,0.0012435181465142383,0.0001,5,10,"{'learning_rate': 0.0001, 'max_depth': 5, 'n_estimators': 10}",0.5219197046608214,0.5216989843028624,0.5216989843028624,0.5217725577555155,0.00010404857457246279,64,0.5216989843028624,0.5218093699515347,0.5218093699515347,0.5217725747353106,5.203629381456012e-05
74,0.08809598286946614,0.01506524312824386,0.020613352457682293,0.01363203313147946,0.0001,5,20,"{'learning_rate': 0.0001, 'max_depth': 5, 'n_estimators': 20}",0.5219197046608214,0.5216989843028624,0.5216989843028624,0.5217725577555155,0.00010404857457246279,64,0.5216989843028624,0.5218093699515347,0.5218093699515347,0.5217725747353106,5.203629381456012e-05
75,0.13596844673156738,0.013561705616194441,0.024942398071289062,0.009904675175798652,0.0001,5,40,"{'learning_rate': 0.0001, 'max_depth': 5, 'n_estimators': 40}",0.5219197046608214,0.5216989843028624,0.5216989843028624,0.5217725577555155,0.00010404857457246279,64,0.5216989843028624,0.5218093699515347,0.5218093699515347,0.5217725747353106,5.203629381456012e-05
76,0.138628880182902,0.006665264821313415,0.012300888697306315,0.0009408301309170082,0.0001,5,70,"{'learning_rate': 0.0001, 'max_depth': 5, 'n_estimators': 70}",0.5219197046608214,0.5216989843028624,0.5216989843028624,0.5217725577555155,0.00010404857457246279,64,0.5216989843028624,0.5218093699515347,0.5218093699515347,0.5217725747353106,5.203629381456012e-05
77,0.18384226163228354,0.0024883530529936056,0.01595727602640788,0.0008130308078255594,0.0001,5,100,"{'learning_rate': 0.0001, 'max_depth': 5, 'n_estimators': 100}",0.5219197046608214,0.5216989843028624,0.5216989843028624,0.5217725577555155,0.00010404857457246279,64,0.5216989843028624,0.5218093699515347,0.5218093699515347,0.5217725747353106,5.203629381456012e-05
78,0.04853240648905436,0.005884062316546209,0.01795482635498047,0.013459097526630368,0.0001,10,5,"{'learning_rate': 0.0001, 'max_depth': 10, 'n_estimators': 5}",0.5219197046608214,0.5216989843028624,0.5216989843028624,0.5217725577555155,0.00010404857457246279,64,0.5216989843028624,0.5218093699515347,0.5218093699515347,0.5217725747353106,5.203629381456012e-05
79,0.07380302747090657,0.010586597439605135,0.011635144551595053,0.003083097920462307,0.0001,10,10,"{'learning_rate': 0.0001, 'max_depth': 10, 'n_estimators': 10}",0.5219197046608214,0.5216989843028624,0.5216989843028624,0.5217725577555155,0.00010404857457246279,64,0.5216989843028624,0.5218093699515347,0.5218093699515347,0.5217725747353106,5.203629381456012e-05
80,0.10804422696431477,0.00738593696342435,0.012302716573079428,0.0018758186569410925,0.0001,10,20,"{'learning_rate': 0.0001, 'max_depth': 10, 'n_estimators': 20}",0.5219197046608214,0.5216989843028624,0.5216989843028624,0.5217725577555155,0.00010404857457246279,64,0.5216989843028624,0.5218093699515347,0.5218093699515347,0.5217725747353106,5.203629381456012e-05
81,0.1220087210337321,0.02737763482326558,0.012304067611694336,0.00046049736433663603,0.0001,10,40,"{'learning_rate': 0.0001, 'max_depth': 10, 'n_estimators': 40}",0.5219197046608214,0.5216989843028624,0.5216989843028624,0.5217725577555155,0.00010404857457246279,64,0.5216989843028624,0.5218093699515347,0.5218093699515347,0.5217725747353106,5.203629381456012e-05
72,0.039892117182413735,0.0008136154171200363,0.00964053471883138,0.0012434542093377812,0.0001,5,5,"{'learning_rate': 0.0001, 'max_depth': 5, 'n_estimators': 5}",0.5219197046608214,0.5216989843028624,0.5216989843028624,0.5217725577555155,0.00010404857457246279,64,0.5216989843028624,0.5218093699515347,0.5218093699515347,0.5217725747353106,5.203629381456012e-05
82,0.2104372183481852,0.015471635299901657,0.02892462412516276,0.009392279375777622,0.0001,10,70,"{'learning_rate': 0.0001, 'max_depth': 10, 'n_estimators': 70}",0.5219197046608214,0.5216989843028624,0.5216989843028624,0.5217725577555155,0.00010404857457246279,64,0.5216989843028624,0.5218093699515347,0.5218093699515347,0.5217725747353106,5.203629381456012e-05
84,0.05884305636088053,0.012215024819903771,0.009972413380940756,0.0014099525856230543,0.0001,20,5,"{'learning_rate': 0.0001, 'max_depth': 20, 'n_estimators': 5}",0.5219197046608214,0.5216989843028624,0.5216989843028624,0.5217725577555155,0.00010404857457246279,64,0.5216989843028624,0.5218093699515347,0.5218093699515347,0.5217725747353106,5.203629381456012e-05
85,0.07413331667582194,0.0157579955524645,0.014300664265950521,0.006175417101075142,0.0001,20,10,"{'learning_rate': 0.0001, 'max_depth': 20, 'n_estimators': 10}",0.5219197046608214,0.5216989843028624,0.5216989843028624,0.5217725577555155,0.00010404857457246279,64,0.5216989843028624,0.5218093699515347,0.5218093699515347,0.5217725747353106,5.203629381456012e-05
86,0.0827794075012207,0.021173224809580667,0.00964061419169108,0.00047131497203910396,0.0001,20,20,"{'learning_rate': 0.0001, 'max_depth': 20, 'n_estimators': 20}",0.5219197046608214,0.5216989843028624,0.5216989843028624,0.5217725577555155,0.00010404857457246279,64,0.5216989843028624,0.5218093699515347,0.5218093699515347,0.5217725747353106,5.203629381456012e-05
87,0.11735622088114421,0.024385521730941846,0.012296756108601889,0.0009449886196155826,0.0001,20,40,"{'learning_rate': 0.0001, 'max_depth': 20, 'n_estimators': 40}",0.5219197046608214,0.5216989843028624,0.5216989843028624,0.5217725577555155,0.00010404857457246279,64,0.5216989843028624,0.5218093699515347,0.5218093699515347,0.5217725747353106,5.203629381456012e-05
88,0.17220473289489746,0.02858474698898573,0.013962745666503906,0.0008145882133092093,0.0001,20,70,"{'learning_rate': 0.0001, 'max_depth': 20, 'n_estimators': 70}",0.5219197046608214,0.5216989843028624,0.5216989843028624,0.5217725577555155,0.00010404857457246279,64,0.5216989843028624,0.5218093699515347,0.5218093699515347,0.5217725747353106,5.203629381456012e-05
89,0.2925569216410319,0.038341045096137664,0.016618092854817707,0.000467784070665096,0.0001,20,100,"{'learning_rate': 0.0001, 'max_depth': 20, 'n_estimators': 100}",0.5219197046608214,0.5216989843028624,0.5216989843028624,0.5217725577555155,0.00010404857457246279,64,0.5216989843028624,0.5218093699515347,0.5218093699515347,0.5217725747353106,5.203629381456012e-05
90,0.0688158671061198,0.010586118251355916,0.015624523162841797,0.010115877603136291,0.0001,50,5,"{'learning_rate': 0.0001, 'max_depth': 50, 'n_estimators': 5}",0.5219197046608214,0.5216989843028624,0.5216989843028624,0.5217725577555155,0.00010404857457246279,64,0.5216989843028624,0.5218093699515347,0.5218093699515347,0.5217725747353106,5.203629381456012e-05
91,0.05850553512573242,0.012939302825357064,0.009974320729573568,1.1239159602905075e-07,0.0001,50,10,"{'learning_rate': 0.0001, 'max_depth': 50, 'n_estimators': 10}",0.5219197046608214,0.5216989843028624,0.5216989843028624,0.5217725577555155,0.00010404857457246279,64,0.5216989843028624,0.5218093699515347,0.5218093699515347,0.5217725747353106,5.203629381456012e-05
92,0.06948232650756836,0.003291452219214679,0.010303576787312826,0.0004692919268200093,0.0001,50,20,"{'learning_rate': 0.0001, 'max_depth': 50, 'n_estimators': 20}",0.5219197046608214,0.5216989843028624,0.5216989843028624,0.5217725577555155,0.00010404857457246279,64,0.5216989843028624,0.5218093699515347,0.5218093699515347,0.5217725747353106,5.203629381456012e-05
83,0.20977139472961426,0.014664684889377352,0.01562650998433431,0.0016941417642135565,0.0001,10,100,"{'learning_rate': 0.0001, 'max_depth': 10, 'n_estimators': 100}",0.5219197046608214,0.5216989843028624,0.5216989843028624,0.5217725577555155,0.00010404857457246279,64,0.5216989843028624,0.5218093699515347,0.5218093699515347,0.5217725747353106,5.203629381456012e-05
47,0.27792175610860187,0.031010872333769073,0.03789710998535156,0.023090802248293227,1e-05,50,100,"{'learning_rate': 1e-05, 'max_depth': 50, 'n_estimators': 100}",0.5219197046608214,0.5216989843028624,0.5216989843028624,0.5217725577555155,0.00010404857457246279,64,0.5216989843028624,0.5218093699515347,0.5218093699515347,0.5217725747353106,5.203629381456012e-05
71,0.2450102965037028,0.020118001787686118,0.020612080891927082,0.00799233498161253,0.0001,4,100,"{'learning_rate': 0.0001, 'max_depth': 4, 'n_estimators': 100}",0.5219197046608214,0.5216989843028624,0.5216989843028624,0.5217725577555155,0.00010404857457246279,64,0.5216989843028624,0.5218093699515347,0.5218093699515347,0.5217725747353106,5.203629381456012e-05
69,0.09075729052225749,0.001409841806789219,0.011301755905151367,0.0012446436501874472,0.0001,4,40,"{'learning_rate': 0.0001, 'max_depth': 4, 'n_estimators': 40}",0.5219197046608214,0.5216989843028624,0.5216989843028624,0.5217725577555155,0.00010404857457246279,64,0.5216989843028624,0.5218093699515347,0.5218093699515347,0.5217725747353106,5.203629381456012e-05
49,0.04088981946309408,0.0008146858864441918,0.008643309275309244,0.0016960743843016423,0.0001,1,10,"{'learning_rate': 0.0001, 'max_depth': 1, 'n_estimators': 10}",0.5219197046608214,0.5216989843028624,0.5216989843028624,0.5217725577555155,0.00010404857457246279,64,0.5216989843028624,0.5218093699515347,0.5218093699515347,0.5217725747353106,5.203629381456012e-05
50,0.07746068636576335,0.033390606620713435,0.013960679372151693,0.008463536803340575,0.0001,1,20,"{'learning_rate': 0.0001, 'max_depth': 1, 'n_estimators': 20}",0.5219197046608214,0.5216989843028624,0.5216989843028624,0.5217725577555155,0.00010404857457246279,64,0.5216989843028624,0.5218093699515347,0.5218093699515347,0.5217725747353106,5.203629381456012e-05
51,0.10870782534281413,0.025402790756883592,0.008980830510457357,0.0008150933310919004,0.0001,1,40,"{'learning_rate': 0.0001, 'max_depth': 1, 'n_estimators': 40}",0.5219197046608214,0.5216989843028624,0.5216989843028624,0.5217725577555155,0.00010404857457246279,64,0.5216989843028624,0.5218093699515347,0.5218093699515347,0.5217725747353106,5.203629381456012e-05
52,0.1486042340596517,0.032572523514943885,0.02027726173400879,0.01528550267328251,0.0001,1,70,"{'learning_rate': 0.0001, 'max_depth': 1, 'n_estimators': 70}",0.5219197046608214,0.5216989843028624,0.5216989843028624,0.5217725577555155,0.00010404857457246279,64,0.5216989843028624,0.5218093699515347,0.5218093699515347,0.5217725747353106,5.203629381456012e-05
53,0.14627663294474283,0.02556146992314281,0.010970433553059896,0.0008126414719618197,0.0001,1,100,"{'learning_rate': 0.0001, 'max_depth': 1, 'n_estimators': 100}",0.5219197046608214,0.5216989843028624,0.5216989843028624,0.5217725577555155,0.00010404857457246279,64,0.5216989843028624,0.5218093699515347,0.5218093699515347,0.5217725747353106,5.203629381456012e-05
54,0.06316669782002766,0.00908289546240643,0.014292081197102865,0.00682540077871538,0.0001,2,5,"{'learning_rate': 0.0001, 'max_depth': 2, 'n_estimators': 5}",0.5219197046608214,0.5216989843028624,0.5216989843028624,0.5217725577555155,0.00010404857457246279,64,0.5216989843028624,0.5218093699515347,0.5218093699515347,0.5217725747353106,5.203629381456012e-05
55,0.051866372426350914,0.008806311983824193,0.012960116068522135,0.006362884034605809,0.0001,2,10,"{'learning_rate': 0.0001, 'max_depth': 2, 'n_estimators': 10}",0.5219197046608214,0.5216989843028624,0.5216989843028624,0.5217725577555155,0.00010404857457246279,64,0.5216989843028624,0.5218093699515347,0.5218093699515347,0.5217725747353106,5.203629381456012e-05
56,0.08809677759806316,0.0020499114384051912,0.009308338165283203,0.001243943218744478,0.0001,2,20,"{'learning_rate': 0.0001, 'max_depth': 2, 'n_estimators': 20}",0.5219197046608214,0.5216989843028624,0.5216989843028624,0.5217725577555155,0.00010404857457246279,64,0.5216989843028624,0.5218093699515347,0.5218093699515347,0.5217725747353106,5.203629381456012e-05
57,0.08477489153544109,0.014865525196350158,0.011633157730102539,0.0018856507283757226,0.0001,2,40,"{'learning_rate': 0.0001, 'max_depth': 2, 'n_estimators': 40}",0.5219197046608214,0.5216989843028624,0.5216989843028624,0.5217725577555155,0.00010404857457246279,64,0.5216989843028624,0.5218093699515347,0.5218093699515347,0.5217725747353106,5.203629381456012e-05
70,0.17020726203918457,0.02846786958314759,0.0156248410542806,0.0024870995801725506,0.0001,4,70,"{'learning_rate': 0.0001, 'max_depth': 4, 'n_estimators': 70}",0.5219197046608214,0.5216989843028624,0.5216989843028624,0.5217725577555155,0.00010404857457246279,64,0.5216989843028624,0.5218093699515347,0.5218093699515347,0.5217725747353106,5.203629381456012e-05
58,0.12400070826212566,0.02867812063514196,0.015293280283610025,0.006927677591332768,0.0001,2,70,"{'learning_rate': 0.0001, 'max_depth': 2, 'n_estimators': 70}",0.5219197046608214,0.5216989843028624,0.5216989843028624,0.5217725577555155,0.00010404857457246279,64,0.5216989843028624,0.5218093699515347,0.5218093699515347,0.5217725747353106,5.203629381456012e-05
60,0.05186017354329427,0.010586432711246953,0.013964176177978516,0.006359008055831388,0.0001,3,5,"{'learning_rate': 0.0001, 'max_depth': 3, 'n_estimators': 5}",0.5219197046608214,0.5216989843028624,0.5216989843028624,0.5217725577555155,0.00010404857457246279,64,0.5216989843028624,0.5218093699515347,0.5218093699515347,0.5217725747353106,5.203629381456012e-05
61,0.04819623629252116,0.0069217958756282,0.009972890218098959,0.0008132253825591487,0.0001,3,10,"{'learning_rate': 0.0001, 'max_depth': 3, 'n_estimators': 10}",0.5219197046608214,0.5216989843028624,0.5216989843028624,0.5217725577555155,0.00010404857457246279,64,0.5216989843028624,0.5218093699515347,0.5218093699515347,0.5217725747353106,5.203629381456012e-05
62,0.09141953786214192,0.012670834534214715,0.016290028889973957,0.009646853546340206,0.0001,3,20,"{'learning_rate': 0.0001, 'max_depth': 3, 'n_estimators': 20}",0.5219197046608214,0.5216989843028624,0.5216989843028624,0.5217725577555155,0.00010404857457246279,64,0.5216989843028624,0.5218093699515347,0.5218093699515347,0.5217725747353106,5.203629381456012e-05
63,0.09773556391398112,0.019815238882371078,0.010306676228841146,0.00124353932612189,0.0001,3,40,"{'learning_rate': 0.0001, 'max_depth': 3, 'n_estimators': 40}",0.5219197046608214,0.5216989843028624,0.5216989843028624,0.5217725577555155,0.00010404857457246279,64,0.5216989843028624,0.5218093699515347,0.5218093699515347,0.5217725747353106,5.203629381456012e-05
64,0.13995869954427084,0.030796633657394303,0.011968056360880533,0.0008130309476564575,0.0001,3,70,"{'learning_rate': 0.0001, 'max_depth': 3, 'n_estimators': 70}",0.5219197046608214,0.5216989843028624,0.5216989843028624,0.5217725577555155,0.00010404857457246279,64,0.5216989843028624,0.5218093699515347,0.5218093699515347,0.5217725747353106,5.203629381456012e-05
65,0.21442286173502603,0.010003568666985273,0.01994943618774414,0.005703256603562966,0.0001,3,100,"{'learning_rate': 0.0001, 'max_depth': 3, 'n_estimators': 100}",0.5219197046608214,0.5216989843028624,0.5216989843028624,0.5217725577555155,0.00010404857457246279,64,0.5216989843028624,0.5218093699515347,0.5218093699515347,0.5217725747353106,5.203629381456012e-05
66,0.05086477597554525,0.00826351185440335,0.014626820882161459,0.008707010518157842,0.0001,4,5,"{'learning_rate': 0.0001, 'max_depth': 4, 'n_estimators': 5}",0.5219197046608214,0.5216989843028624,0.5216989843028624,0.5217725577555155,0.00010404857457246279,64,0.5216989843028624,0.5218093699515347,0.5218093699515347,0.5217725747353106,5.203629381456012e-05
67,0.04787071545918783,0.0008084567969620882,0.010968844095865885,0.0016307337041137808,0.0001,4,10,"{'learning_rate': 0.0001, 'max_depth': 4, 'n_estimators': 10}",0.5219197046608214,0.5216989843028624,0.5216989843028624,0.5217725577555155,0.00010404857457246279,64,0.5216989843028624,0.5218093699515347,0.5218093699515347,0.5217725747353106,5.203629381456012e-05
68,0.08410867055257161,0.018022563794921398,0.009637594223022461,0.00046618195575725294,0.0001,4,20,"{'learning_rate': 0.0001, 'max_depth': 4, 'n_estimators': 20}",0.5219197046608214,0.5216989843028624,0.5216989843028624,0.5217725577555155,0.00010404857457246279,64,0.5216989843028624,0.5218093699515347,0.5218093699515347,0.5217725747353106,5.203629381456012e-05
59,0.15292437871297201,0.03081659334870515,0.011301755905151367,0.0004710346270934845,0.0001,2,100,"{'learning_rate': 0.0001, 'max_depth': 2, 'n_estimators': 100}",0.5219197046608214,0.5216989843028624,0.5216989843028624,0.5217725577555155,0.00010404857457246279,64,0.5216989843028624,0.5218093699515347,0.5218093699515347,0.5217725747353106,5.203629381456012e-05
95,0.31149641672770184,0.004624544084803826,0.03091883659362793,0.01095401753588388,0.0001,50,100,"{'learning_rate': 0.0001, 'max_depth': 50, 'n_estimators': 100}",0.5219197046608214,0.5216989843028624,0.5216989843028624,0.5217725577555155,0.00010404857457246279,64,0.5216989843028624,0.5218093699515347,0.5218093699515347,0.5217725747353106,5.203629381456012e-05
