,mean_fit_time,std_fit_time,mean_score_time,std_score_time,param_learning_rate,param_max_depth,param_n_estimators,params,split0_test_score,split1_test_score,split2_test_score,mean_test_score,std_test_score,rank_test_score,split0_train_score,split1_train_score,split2_train_score,mean_train_score,std_train_score
191,0.3794148763020833,0.08855522194560339,0.026676495869954426,0.00593074367164722,0.01,50,100,"{'learning_rate': 0.01, 'max_depth': 50, 'n_estimators': 100}",1.0,1.0,1.0,1.0,0.0,1,1.0,1.0,1.0,1.0,0.0
131,0.5507216453552246,0.18738722463426163,0.044761975606282554,0.025570388345142515,0.001,10,100,"{'learning_rate': 0.001, 'max_depth': 10, 'n_estimators': 100}",1.0,1.0,1.0,1.0,0.0,1,1.0,1.0,0.9990768520655435,0.9996922840218478,0.00043517610966168285
137,0.6289904117584229,0.19615783549141197,0.0761408805847168,0.03726767202507952,0.001,20,100,"{'learning_rate': 0.001, 'max_depth': 20, 'n_estimators': 100}",1.0,1.0,1.0,1.0,0.0,1,1.0,1.0,0.9990768520655435,0.9996922840218478,0.00043517610966168285
175,0.13533457120259604,0.06963560642503605,0.014796972274780273,0.0020140365687749172,0.01,10,10,"{'learning_rate': 0.01, 'max_depth': 10, 'n_estimators': 10}",1.0,1.0,1.0,1.0,0.0,1,1.0,1.0,0.9990768520655435,0.9996922840218478,0.00043517610966168285
176,0.20769548416137695,0.1155403903755861,0.03630852699279785,0.01947358312668809,0.01,10,20,"{'learning_rate': 0.01, 'max_depth': 10, 'n_estimators': 20}",1.0,1.0,1.0,1.0,0.0,1,1.0,1.0,0.9990768520655435,0.9996922840218478,0.00043517610966168285
177,0.30081971486409503,0.12449844530039883,0.028125921885172527,0.011273691584888107,0.01,10,40,"{'learning_rate': 0.01, 'max_depth': 10, 'n_estimators': 40}",1.0,1.0,1.0,1.0,0.0,1,1.0,1.0,1.0,1.0,0.0
178,0.5387022495269775,0.2066840967983873,0.051894187927246094,0.03478137160198465,0.01,10,70,"{'learning_rate': 0.01, 'max_depth': 10, 'n_estimators': 70}",1.0,1.0,1.0,1.0,0.0,1,1.0,1.0,1.0,1.0,0.0
179,0.33714977900187176,0.007366777008967535,0.026643832524617512,0.0059858006228206435,0.01,10,100,"{'learning_rate': 0.01, 'max_depth': 10, 'n_estimators': 100}",1.0,1.0,1.0,1.0,0.0,1,1.0,1.0,1.0,1.0,0.0
181,0.1395853360493978,0.07436343704749632,0.03681429227193197,0.024643453295553275,0.01,20,10,"{'learning_rate': 0.01, 'max_depth': 20, 'n_estimators': 10}",1.0,1.0,1.0,1.0,0.0,1,1.0,1.0,0.9990768520655435,0.9996922840218478,0.00043517610966168285
143,0.5196906725565592,0.26811824359453496,0.05124847094217936,0.027319190128597584,0.001,50,100,"{'learning_rate': 0.001, 'max_depth': 50, 'n_estimators': 100}",1.0,1.0,1.0,1.0,0.0,1,1.0,1.0,0.9990768520655435,0.9996922840218478,0.00043517610966168285
190,0.3796854019165039,0.09409739025729491,0.025847911834716797,0.003976683481774529,0.01,50,70,"{'learning_rate': 0.01, 'max_depth': 50, 'n_estimators': 70}",1.0,1.0,1.0,1.0,0.0,1,1.0,1.0,1.0,1.0,0.0
183,0.384674072265625,0.06943376458503389,0.06490683555603027,0.029030092500746816,0.01,20,40,"{'learning_rate': 0.01, 'max_depth': 20, 'n_estimators': 40}",1.0,1.0,1.0,1.0,0.0,1,1.0,1.0,1.0,1.0,0.0
184,0.4185819625854492,0.19698219077055282,0.029979705810546875,0.0029555368409062916,0.01,20,70,"{'learning_rate': 0.01, 'max_depth': 20, 'n_estimators': 70}",1.0,1.0,1.0,1.0,0.0,1,1.0,1.0,1.0,1.0,0.0
185,0.7639423211415609,0.2945967831143441,0.036265055338541664,0.004526802775976544,0.01,20,100,"{'learning_rate': 0.01, 'max_depth': 20, 'n_estimators': 100}",1.0,1.0,1.0,1.0,0.0,1,1.0,1.0,1.0,1.0,0.0
188,0.18772967656453451,0.09197637049609483,0.04268829027811686,0.02739352132366513,0.01,50,20,"{'learning_rate': 0.01, 'max_depth': 50, 'n_estimators': 20}",1.0,1.0,1.0,1.0,0.0,1,1.0,1.0,0.9990768520655435,0.9996922840218478,0.00043517610966168285
187,0.13093185424804688,0.04827388157645428,0.015290498733520508,0.0009386997774501113,0.01,50,10,"{'learning_rate': 0.01, 'max_depth': 50, 'n_estimators': 10}",1.0,1.0,1.0,1.0,0.0,1,1.0,1.0,0.9990768520655435,0.9996922840218478,0.00043517610966168285
189,0.17453885078430176,0.005769303922870259,0.025011459986368816,0.006411712307772591,0.01,50,40,"{'learning_rate': 0.01, 'max_depth': 50, 'n_estimators': 40}",1.0,1.0,1.0,1.0,0.0,1,1.0,1.0,1.0,1.0,0.0
182,0.16399168968200684,0.0643723620357932,0.020268996556599934,0.0026155746655785817,0.01,20,20,"{'learning_rate': 0.01, 'max_depth': 20, 'n_estimators': 20}",1.0,1.0,1.0,1.0,0.0,1,1.0,1.0,0.9990768520655435,0.9996922840218478,0.00043517610966168285
136,0.3409104347229004,0.09602680958513282,0.02360391616821289,0.006926918594806814,0.001,20,70,"{'learning_rate': 0.001, 'max_depth': 20, 'n_estimators': 70}",1.0,0.9995383194829178,0.9995383194829178,0.9996922129886118,0.0002176382829136783,19,1.0,0.9986152780983153,0.9976921301638587,0.9987691360873914,0.0009484443423292668
142,0.4024617671966553,0.21706418809327865,0.026954809824625652,0.005105118190894395,0.001,50,70,"{'learning_rate': 0.001, 'max_depth': 50, 'n_estimators': 70}",1.0,0.9995383194829178,0.9995383194829178,0.9996922129886118,0.0002176382829136783,19,1.0,0.9986152780983153,0.9976921301638587,0.9987691360873914,0.0009484443423292668
130,0.5856351852416992,0.13307067926761007,0.038090785344441734,0.028479918052810298,0.001,10,70,"{'learning_rate': 0.001, 'max_depth': 10, 'n_estimators': 70}",1.0,0.9995383194829178,0.9995383194829178,0.9996922129886118,0.0002176382829136783,19,1.0,0.9986152780983153,0.9976921301638587,0.9987691360873914,0.0009484443423292668
173,0.5446648597717285,0.2090194230729939,0.05448579788208008,0.04043190382761542,0.01,5,100,"{'learning_rate': 0.01, 'max_depth': 5, 'n_estimators': 100}",0.9935394554683895,0.9949215143120961,0.9953831948291783,0.9946147215365547,0.0007833411615099972,22,0.9944598337950139,0.9951534733441034,0.9949226863604893,0.9948453311665356,0.0002884115410762846
172,0.31937146186828613,0.11504274274663301,0.04640491803487142,0.029713556090713016,0.01,5,70,"{'learning_rate': 0.01, 'max_depth': 5, 'n_estimators': 70}",0.9907706506691278,0.9949215143120961,0.9953831948291783,0.9936917866034675,0.0020741365408494957,23,0.9930747922437673,0.9951534733441034,0.9949226863604893,0.9943836506494533,0.0009302861217757058
171,0.28308765093485516,0.08202171610248961,0.016974131266276043,0.0010805507605429422,0.01,5,40,"{'learning_rate': 0.01, 'max_depth': 5, 'n_estimators': 40}",0.9907706506691278,0.9930747922437673,0.9926131117266851,0.9921528515465267,0.0009953715132468618,24,0.9930747922437673,0.9935379644588045,0.9921532425571198,0.9929219997532305,0.0005755419736356588
170,0.194350798924764,0.04503954904943239,0.035873810450236,0.029511303812142464,0.01,5,20,"{'learning_rate': 0.01, 'max_depth': 5, 'n_estimators': 20}",0.9833871712044301,0.9930747922437673,0.9926131117266851,0.9896916917249609,0.0044619518502039815,25,0.9868421052631579,0.9935379644588045,0.9921532425571198,0.9908444374263606,0.0028859846089572695
169,0.10410904884338379,0.03840212028315288,0.013957659403483072,0.0014140132623387907,0.01,5,10,"{'learning_rate': 0.01, 'max_depth': 5, 'n_estimators': 10}",0.9907706506691278,0.9930747922437673,0.9806094182825484,0.9881516203984813,0.005415464071661247,26,0.9930747922437673,0.9935379644588045,0.9829217632125549,0.9898448399717088,0.004899005068041837
125,0.38234972953796387,0.09499214728701527,0.027132829030354817,0.0016067761414388373,0.001,5,100,"{'learning_rate': 0.001, 'max_depth': 5, 'n_estimators': 100}",0.9907706506691278,0.9930747922437673,0.9806094182825484,0.9881516203984813,0.005415464071661247,26,0.9930747922437673,0.9935379644588045,0.9829217632125549,0.9898448399717088,0.004899005068041837
167,0.35214749972025555,0.06982691379581712,0.032921393712361656,0.012662489658527868,0.01,4,100,"{'learning_rate': 0.01, 'max_depth': 4, 'n_estimators': 100}",0.9875403784033225,0.9926131117266851,0.9792243767313019,0.9864592889537699,0.005519125654944519,28,0.9884579870729455,0.9928456035079621,0.9799215324255712,0.9870750410021597,0.005366085364689349
166,0.42507370313008624,0.10075629273745652,0.031428893407185875,0.012247324316047917,0.01,4,70,"{'learning_rate': 0.01, 'max_depth': 4, 'n_estimators': 70}",0.9921550530687586,0.9815327793167128,0.9792243767313019,0.984304069705591,0.005630904927311576,29,0.9930747922437673,0.9787675975075005,0.9799215324255712,0.9839213073922797,0.006489612476545131
180,0.14905452728271484,0.0656668082893557,0.046979665756225586,0.027998235714691535,0.01,20,5,"{'learning_rate': 0.01, 'max_depth': 20, 'n_estimators': 5}",0.9824642362713428,0.9810710987996306,0.9889196675900277,0.9841516675536671,0.003419120380431546,30,0.9826869806094183,0.9833833371797831,0.9879990768520656,0.9846897982137556,0.00235721897550953
186,0.17336654663085938,0.062438561601015366,0.04480290412902832,0.03602976471639607,0.01,50,5,"{'learning_rate': 0.01, 'max_depth': 50, 'n_estimators': 5}",0.9824642362713428,0.9810710987996306,0.9889196675900277,0.9841516675536671,0.003419120380431546,30,0.9826869806094183,0.9833833371797831,0.9879990768520656,0.9846897982137556,0.00235721897550953
174,0.11458611488342285,0.02734428106144562,0.01694043477376302,0.002144381643870555,0.01,10,5,"{'learning_rate': 0.01, 'max_depth': 10, 'n_estimators': 5}",0.9824642362713428,0.9810710987996306,0.9889196675900277,0.9841516675536671,0.003419120380431546,30,0.9826869806094183,0.9833833371797831,0.9879990768520656,0.9846897982137556,0.00235721897550953
165,0.2862127621968587,0.07423830213136212,0.06248784065246582,0.03809928802186665,0.01,4,40,"{'learning_rate': 0.01, 'max_depth': 4, 'n_estimators': 40}",0.9783110290724504,0.9815327793167128,0.9792243767313019,0.979689395040155,0.0013557532174103277,33,0.9803785780240074,0.9787675975075005,0.9799215324255712,0.9796892359856931,0.0006778818889876742
164,0.11836465199788411,0.016260700284395312,0.018150806427001953,0.0021968768237898484,0.01,4,20,"{'learning_rate': 0.01, 'max_depth': 4, 'n_estimators': 20}",0.9783110290724504,0.9778393351800554,0.9792243767313019,0.9784582469946025,0.000574943395545422,34,0.9803785780240074,0.9778444495730441,0.9799215324255712,0.979381520007541,0.0011027728113610392
124,0.34010155995686847,0.16784703897243725,0.02030523618062337,0.0009597396760348857,0.001,5,70,"{'learning_rate': 0.001, 'max_depth': 5, 'n_estimators': 70}",0.9741578218735579,0.9778393351800554,0.9806094182825484,0.9775355251120539,0.002642599663738861,35,0.9785318559556787,0.9741518578352181,0.9829217632125549,0.9785351590011505,0.003580299639643052
161,0.40502723058064777,0.18611133877033378,0.018276532491048176,0.00287069046538304,0.01,3,100,"{'learning_rate': 0.01, 'max_depth': 3, 'n_estimators': 100}",0.9796954314720813,0.9806094182825484,0.9616805170821792,0.9739951222789363,0.00871573170905825,36,0.9810710987996306,0.9806138933764136,0.9644588045234249,0.9753812655664897,0.007725601406048408
163,0.12465556462605794,0.06510496363050754,0.016785621643066406,0.0013194314656865542,0.01,4,10,"{'learning_rate': 0.01, 'max_depth': 4, 'n_estimators': 10}",0.9769266266728196,0.9653739612188366,0.9792243767313019,0.9738416548743194,0.006060599019631727,37,0.9783010156971376,0.9711516270482344,0.9799215324255712,0.9764580583903144,0.003810090008380367
119,0.4490155378977458,0.1646220888725791,0.022466421127319336,0.005320787705794088,0.001,4,100,"{'learning_rate': 0.001, 'max_depth': 4, 'n_estimators': 100}",0.9769266266728196,0.9653739612188366,0.9792243767313019,0.9738416548743194,0.006060599019631727,37,0.9783010156971376,0.9711516270482344,0.9799215324255712,0.9764580583903144,0.003810090008380367
160,0.4929519494374593,0.17573323626581513,0.025309085845947266,0.004148408274319701,0.01,3,70,"{'learning_rate': 0.01, 'max_depth': 3, 'n_estimators': 70}",0.9796954314720813,0.9616805170821792,0.9607571560480148,0.9673777015340917,0.00871810384654774,39,0.9810710987996306,0.9644588045234249,0.9614585737364413,0.9689961590198323,0.00862567772054689
155,0.23202029863993326,0.007869474197933116,0.019947052001953125,0.0035508862947643267,0.01,2,100,"{'learning_rate': 0.01, 'max_depth': 2, 'n_estimators': 100}",0.9607752653437933,0.9709141274238227,0.9681440443213296,0.9666111456963152,0.004278743173362363,40,0.9649122807017544,0.9729979229171475,0.9676898222940227,0.9685333419709748,0.0033544047254210766
158,0.23641077677408853,0.10385381530951154,0.04543606440226237,0.03908569195383275,0.01,3,20,"{'learning_rate': 0.01, 'max_depth': 3, 'n_estimators': 20}",0.9570835256114444,0.9616805170821792,0.9607571560480148,0.9598403995805462,0.001985516634864645,41,0.9632963988919667,0.9644588045234249,0.9614585737364413,0.963071259050611,0.001235141599147073
159,0.30427805582682294,0.13481415893679022,0.05378540356953939,0.054180773313194985,0.01,3,40,"{'learning_rate': 0.01, 'max_depth': 3, 'n_estimators': 40}",0.9570835256114444,0.9616805170821792,0.9607571560480148,0.9598403995805462,0.001985516634864645,41,0.9632963988919667,0.9644588045234249,0.9614585737364413,0.963071259050611,0.001235141599147073
118,0.2666027545928955,0.0877616013056007,0.020287752151489258,0.002514482747344124,0.001,4,70,"{'learning_rate': 0.001, 'max_depth': 4, 'n_estimators': 70}",0.9769266266728196,0.9653739612188366,0.9312096029547553,0.9578367302821372,0.019409945080711716,43,0.9783010156971376,0.9711516270482344,0.9420724671128549,0.9638417032860757,0.015667443360620214
168,0.1419400374094645,0.10288613090343578,0.016966819763183594,0.004312772522969738,0.01,5,5,"{'learning_rate': 0.01, 'max_depth': 5, 'n_estimators': 5}",0.9367789570835257,0.9321329639889196,0.974145891043398,0.9476859373719476,0.018805906415809034,44,0.9279778393351801,0.9303023309485345,0.9769213016385876,0.9450671573074341,0.0225442631079041
113,0.3320779005686442,0.13862822034323857,0.018280188242594402,0.0026139522098048524,0.001,3,100,"{'learning_rate': 0.001, 'max_depth': 3, 'n_estimators': 100}",0.9570835256114444,0.935826408125577,0.9242843951985226,0.9390647763118479,0.013584574839215055,45,0.9632963988919667,0.931225478882991,0.9369951534733441,0.9438390104161005,0.013958623641443959
157,0.18453073501586914,0.09804974762660475,0.0661160945892334,0.06875871254861032,0.01,3,10,"{'learning_rate': 0.01, 'max_depth': 3, 'n_estimators': 10}",0.9570835256114444,0.935826408125577,0.9242843951985226,0.9390647763118479,0.013584574839215055,45,0.9632963988919667,0.931225478882991,0.9369951534733441,0.9438390104161005,0.013958623641443959
112,0.21672463417053223,0.051393093101889054,0.021114269892374676,0.005557027717787425,0.001,3,70,"{'learning_rate': 0.001, 'max_depth': 3, 'n_estimators': 70}",0.9381633594831564,0.935826408125577,0.9242843951985226,0.9327580542690853,0.006067262366999975,47,0.9300554016620498,0.931225478882991,0.9369951534733441,0.9327586780061283,0.003033486823660428
156,0.16594751675923666,0.028434001991120908,0.015305836995442709,0.0005001702195915572,0.01,3,5,"{'learning_rate': 0.01, 'max_depth': 3, 'n_estimators': 5}",0.9381633594831564,0.935826408125577,0.9242843951985226,0.9327580542690853,0.006067262366999975,47,0.9300554016620498,0.931225478882991,0.9369951534733441,0.9327586780061283,0.003033486823660428
154,0.38620154062906903,0.019919188902008274,0.09358787536621094,0.004210729341832289,0.01,2,70,"{'learning_rate': 0.01, 'max_depth': 2, 'n_estimators': 70}",0.9335486848177204,0.9506001846722069,0.9127423822714681,0.9322970839204651,0.015480701518511216,49,0.9344413665743305,0.9531502423263328,0.9224555735056543,0.9366823941354392,0.012630843912159892
162,0.13872027397155762,0.05526519324869428,0.014897664388020834,0.0013449061704986565,0.01,4,5,"{'learning_rate': 0.01, 'max_depth': 4, 'n_estimators': 5}",0.9367789570835257,0.9321329639889196,0.9270544783010157,0.9319887997911537,0.003971310395390885,50,0.9279778393351801,0.9303023309485345,0.9397645972767136,0.9326815891868093,0.005097552878023915
149,0.40267523129781085,0.14175311973931354,0.018610715866088867,0.004911599321955941,0.01,1,100,"{'learning_rate': 0.01, 'max_depth': 1, 'n_estimators': 100}",0.9155514536225197,0.9187442289935365,0.9233610341643582,0.9192189055934715,0.0032058670658404024,51,0.9162049861495845,0.9136856681283175,0.9284560350796215,0.9194488964525078,0.006451519227236447
153,0.22719844182332358,0.09362713669804763,0.0167999267578125,0.00021916369871170576,0.01,2,40,"{'learning_rate': 0.01, 'max_depth': 2, 'n_estimators': 40}",0.928011075219197,0.9182825484764543,0.9030470914127424,0.9164469050361314,0.010273827978646602,52,0.9298245614035088,0.9143780290791599,0.9185321947842142,0.9209115950889609,0.0065266121670925345
152,0.08781139055887859,0.006282383689108308,0.017722368240356445,0.0023454272903050996,0.01,2,20,"{'learning_rate': 0.01, 'max_depth': 2, 'n_estimators': 20}",0.9229349330872173,0.9168975069252078,0.9030470914127424,0.9142931771417224,0.008325401365023643,53,0.9157433056325023,0.9116085852757905,0.9185321947842142,0.9152946952308355,0.0028442961197979533
151,0.10817352930704753,0.026086373927474073,0.017354965209960938,0.0019878456114780516,0.01,2,10,"{'learning_rate': 0.01, 'max_depth': 2, 'n_estimators': 10}",0.9201661282879557,0.9168975069252078,0.9030470914127424,0.9133702422086353,0.007420536960324418,54,0.909972299168975,0.9116085852757905,0.9185321947842142,0.91337102640966,0.0037101304827650795
107,0.38409773508707684,0.083965211223489,0.019973913828531902,0.0008614861877201231,0.001,2,100,"{'learning_rate': 0.001, 'max_depth': 2, 'n_estimators': 100}",0.9201661282879557,0.9168975069252078,0.9030470914127424,0.9133702422086353,0.007420536960324418,54,0.909972299168975,0.9116085852757905,0.9185321947842142,0.91337102640966,0.0037101304827650795
106,0.25014424324035645,0.11715512183662494,0.028473854064941406,0.01644052772004382,0.001,2,70,"{'learning_rate': 0.001, 'max_depth': 2, 'n_estimators': 70}",0.9201661282879557,0.9168975069252078,0.9030470914127424,0.9133702422086353,0.007420536960324418,54,0.909972299168975,0.9116085852757905,0.9185321947842142,0.91337102640966,0.0037101304827650795
148,0.21800859769185385,0.10197717911077571,0.016840060551961262,0.0017050534239717754,0.01,1,70,"{'learning_rate': 0.01, 'max_depth': 1, 'n_estimators': 70}",0.8532533456391325,0.8564173591874423,0.8984302862419206,0.8693669970228318,0.02059140323221924,57,0.8550323176361958,0.8534502654050311,0.906992845603508,0.8718251428815783,0.024875707137272836
150,0.16304421424865723,0.057779325515794025,0.019974788029988606,0.0040364868705083465,0.01,2,5,"{'learning_rate': 0.01, 'max_depth': 2, 'n_estimators': 5}",0.8504845408398708,0.8481071098799631,0.8388734995383195,0.8458217167527179,0.00500808255630354,58,0.8434903047091413,0.8446803600276944,0.8492960996999769,0.8458222548122709,0.002503964409116736
147,0.12487308184305827,0.02444295177463948,0.04056564966837565,0.0272949893923137,0.01,1,40,"{'learning_rate': 0.01, 'max_depth': 1, 'n_estimators': 40}",0.8532533456391325,0.8227146814404432,0.8180978762696214,0.8313553011163991,0.015598546683073687,59,0.8550323176361958,0.815831987075929,0.8181398569120701,0.8296680538747316,0.017959973513640193
146,0.09914652506510417,0.016524787680630117,0.01631585756937663,0.0012534685372297854,0.01,1,20,"{'learning_rate': 0.01, 'max_depth': 1, 'n_estimators': 20}",0.7918781725888325,0.7894736842105263,0.7876269621421976,0.7896596063138522,0.0017405215380786024,60,0.788550323176362,0.7897530579275329,0.7906762058619894,0.7896598623219614,0.0008703862605900829
145,0.17851543426513672,0.029504912784887243,0.028836568196614582,0.01954843822295456,0.01,1,10,"{'learning_rate': 0.01, 'max_depth': 1, 'n_estimators': 10}",0.7918781725888325,0.7894736842105263,0.7876269621421976,0.7896596063138522,0.0017405215380786024,60,0.788550323176362,0.7897530579275329,0.7906762058619894,0.7896598623219614,0.0008703862605900829
101,0.32081349690755206,0.10321734596022046,0.018855492273966473,0.0013654116684704927,0.001,1,100,"{'learning_rate': 0.001, 'max_depth': 1, 'n_estimators': 100}",0.7918781725888325,0.7894736842105263,0.7876269621421976,0.7896596063138522,0.0017405215380786024,60,0.788550323176362,0.7897530579275329,0.7906762058619894,0.7896598623219614,0.0008703862605900829
100,0.2050027847290039,0.09082292614805487,0.01696324348449707,0.005636414960983492,0.001,1,70,"{'learning_rate': 0.001, 'max_depth': 1, 'n_estimators': 70}",0.7918781725888325,0.7894736842105263,0.7876269621421976,0.7896596063138522,0.0017405215380786024,60,0.788550323176362,0.7897530579275329,0.7906762058619894,0.7896598623219614,0.0008703862605900829
110,0.139297882715861,0.04913641871340698,0.01762851079305013,0.004122803000571168,0.001,3,20,"{'learning_rate': 0.001, 'max_depth': 3, 'n_estimators': 20}",0.5219197046608214,0.5216989843028624,0.5216989843028624,0.5217725577555155,0.00010404857457246279,64,0.5216989843028624,0.5218093699515347,0.5218093699515347,0.5217725747353106,5.203629381456012e-05
109,0.12485353151957194,0.03783753100708989,0.022057294845581055,0.00372896592706232,0.001,3,10,"{'learning_rate': 0.001, 'max_depth': 3, 'n_estimators': 10}",0.5219197046608214,0.5216989843028624,0.5216989843028624,0.5217725577555155,0.00010404857457246279,64,0.5216989843028624,0.5218093699515347,0.5218093699515347,0.5217725747353106,5.203629381456012e-05
111,0.2097016175587972,0.05290472570366384,0.017616748809814453,0.0026160325666423757,0.001,3,40,"{'learning_rate': 0.001, 'max_depth': 3, 'n_estimators': 40}",0.5219197046608214,0.5216989843028624,0.5216989843028624,0.5217725577555155,0.00010404857457246279,64,0.5216989843028624,0.5218093699515347,0.5218093699515347,0.5217725747353106,5.203629381456012e-05
103,0.1022346019744873,0.018899497316647296,0.01666911443074544,0.001293250918525341,0.001,2,10,"{'learning_rate': 0.001, 'max_depth': 2, 'n_estimators': 10}",0.5219197046608214,0.5216989843028624,0.5216989843028624,0.5217725577555155,0.00010404857457246279,64,0.5216989843028624,0.5218093699515347,0.5218093699515347,0.5217725747353106,5.203629381456012e-05
105,0.23304414749145508,0.04842356044329858,0.018632968266805012,0.0021074378063873395,0.001,2,40,"{'learning_rate': 0.001, 'max_depth': 2, 'n_estimators': 40}",0.5219197046608214,0.5216989843028624,0.5216989843028624,0.5217725577555155,0.00010404857457246279,64,0.5216989843028624,0.5218093699515347,0.5218093699515347,0.5217725747353106,5.203629381456012e-05
104,0.11827389399210612,0.038971461576108056,0.01571043332417806,0.0009347945521280851,0.001,2,20,"{'learning_rate': 0.001, 'max_depth': 2, 'n_estimators': 20}",0.5219197046608214,0.5216989843028624,0.5216989843028624,0.5217725577555155,0.00010404857457246279,64,0.5216989843028624,0.5218093699515347,0.5218093699515347,0.5217725747353106,5.203629381456012e-05
102,0.10722978909810384,0.038582023300959674,0.03494739532470703,0.030404804327045298,0.001,2,5,"{'learning_rate': 0.001, 'max_depth': 2, 'n_estimators': 5}",0.5219197046608214,0.5216989843028624,0.5216989843028624,0.5217725577555155,0.00010404857457246279,64,0.5216989843028624,0.5218093699515347,0.5218093699515347,0.5217725747353106,5.203629381456012e-05
99,0.11908674240112305,0.011059929724600483,0.01767579714457194,0.004129256808068385,0.001,1,40,"{'learning_rate': 0.001, 'max_depth': 1, 'n_estimators': 40}",0.5219197046608214,0.5216989843028624,0.5216989843028624,0.5217725577555155,0.00010404857457246279,64,0.5216989843028624,0.5218093699515347,0.5218093699515347,0.5217725747353106,5.203629381456012e-05
98,0.12093194325764973,0.04103873071039058,0.034149726231892906,0.018116959425028258,0.001,1,20,"{'learning_rate': 0.001, 'max_depth': 1, 'n_estimators': 20}",0.5219197046608214,0.5216989843028624,0.5216989843028624,0.5217725577555155,0.00010404857457246279,64,0.5216989843028624,0.5218093699515347,0.5218093699515347,0.5217725747353106,5.203629381456012e-05
97,0.08868090311686198,0.023753548057003204,0.01412510871887207,0.003056380085669571,0.001,1,10,"{'learning_rate': 0.001, 'max_depth': 1, 'n_estimators': 10}",0.5219197046608214,0.5216989843028624,0.5216989843028624,0.5217725577555155,0.00010404857457246279,64,0.5216989843028624,0.5218093699515347,0.5218093699515347,0.5217725747353106,5.203629381456012e-05
108,0.09992837905883789,0.04558273731366925,0.01647329330444336,0.0004205979898977272,0.001,3,5,"{'learning_rate': 0.001, 'max_depth': 3, 'n_estimators': 5}",0.5219197046608214,0.5216989843028624,0.5216989843028624,0.5217725577555155,0.00010404857457246279,64,0.5216989843028624,0.5218093699515347,0.5218093699515347,0.5217725747353106,5.203629381456012e-05
114,0.12632346153259277,0.03867067781899999,0.01745891571044922,0.0004069236411335517,0.001,4,5,"{'learning_rate': 0.001, 'max_depth': 4, 'n_estimators': 5}",0.5219197046608214,0.5216989843028624,0.5216989843028624,0.5217725577555155,0.00010404857457246279,64,0.5216989843028624,0.5218093699515347,0.5218093699515347,0.5217725747353106,5.203629381456012e-05
128,0.19677448272705078,0.10606587757293567,0.015719254811604817,0.0034266856368369045,0.001,10,20,"{'learning_rate': 0.001, 'max_depth': 10, 'n_estimators': 20}",0.5219197046608214,0.5216989843028624,0.5216989843028624,0.5217725577555155,0.00010404857457246279,64,0.5216989843028624,0.5218093699515347,0.5218093699515347,0.5217725747353106,5.203629381456012e-05
116,0.22785162925720215,0.03984383639293408,0.03323443730672201,0.020236837060461626,0.001,4,20,"{'learning_rate': 0.001, 'max_depth': 4, 'n_estimators': 20}",0.5219197046608214,0.5216989843028624,0.5216989843028624,0.5217725577555155,0.00010404857457246279,64,0.5216989843028624,0.5218093699515347,0.5218093699515347,0.5217725747353106,5.203629381456012e-05
144,0.11941591898600261,0.04341562437358052,0.028606653213500977,0.026413429419636234,0.01,1,5,"{'learning_rate': 0.01, 'max_depth': 1, 'n_estimators': 5}",0.5219197046608214,0.5216989843028624,0.5216989843028624,0.5217725577555155,0.00010404857457246279,64,0.5216989843028624,0.5218093699515347,0.5218093699515347,0.5217725747353106,5.203629381456012e-05
96,0.05975921948750814,0.0013600784273302732,0.01430058479309082,0.0016877202763468627,0.001,1,5,"{'learning_rate': 0.001, 'max_depth': 1, 'n_estimators': 5}",0.5219197046608214,0.5216989843028624,0.5216989843028624,0.5217725577555155,0.00010404857457246279,64,0.5216989843028624,0.5218093699515347,0.5218093699515347,0.5217725747353106,5.203629381456012e-05
141,0.17411541938781738,0.005010516350656261,0.02088507016499837,0.0032207229933585942,0.001,50,40,"{'learning_rate': 0.001, 'max_depth': 50, 'n_estimators': 40}",0.5219197046608214,0.5216989843028624,0.5216989843028624,0.5217725577555155,0.00010404857457246279,64,0.5216989843028624,0.5218093699515347,0.5218093699515347,0.5217725747353106,5.203629381456012e-05
140,0.19557833671569824,0.06695337173962207,0.016139904657999676,0.0006355042741222505,0.001,50,20,"{'learning_rate': 0.001, 'max_depth': 50, 'n_estimators': 20}",0.5219197046608214,0.5216989843028624,0.5216989843028624,0.5217725577555155,0.00010404857457246279,64,0.5216989843028624,0.5218093699515347,0.5218093699515347,0.5217725747353106,5.203629381456012e-05
139,0.21366270383199057,0.06982229344451199,0.034096876780192055,0.023885629666067443,0.001,50,10,"{'learning_rate': 0.001, 'max_depth': 50, 'n_estimators': 10}",0.5219197046608214,0.5216989843028624,0.5216989843028624,0.5217725577555155,0.00010404857457246279,64,0.5216989843028624,0.5218093699515347,0.5218093699515347,0.5217725747353106,5.203629381456012e-05
135,0.38908664385477704,0.040620083194665084,0.040292978286743164,0.028093305414046758,0.001,20,40,"{'learning_rate': 0.001, 'max_depth': 20, 'n_estimators': 40}",0.5219197046608214,0.5216989843028624,0.5216989843028624,0.5217725577555155,0.00010404857457246279,64,0.5216989843028624,0.5218093699515347,0.5218093699515347,0.5217725747353106,5.203629381456012e-05
134,0.16727177302042642,0.06632040711504433,0.021585941314697266,0.005621079879564948,0.001,20,20,"{'learning_rate': 0.001, 'max_depth': 20, 'n_estimators': 20}",0.5219197046608214,0.5216989843028624,0.5216989843028624,0.5217725577555155,0.00010404857457246279,64,0.5216989843028624,0.5218093699515347,0.5218093699515347,0.5217725747353106,5.203629381456012e-05
133,0.18781057993570963,0.012787868577403601,0.0544892152150472,0.02799746652585566,0.001,20,10,"{'learning_rate': 0.001, 'max_depth': 20, 'n_estimators': 10}",0.5219197046608214,0.5216989843028624,0.5216989843028624,0.5217725577555155,0.00010404857457246279,64,0.5216989843028624,0.5218093699515347,0.5218093699515347,0.5217725747353106,5.203629381456012e-05
132,0.11249931653340657,0.05710049986640089,0.019327799479166668,0.0037001168595756175,0.001,20,5,"{'learning_rate': 0.001, 'max_depth': 20, 'n_estimators': 5}",0.5219197046608214,0.5216989843028624,0.5216989843028624,0.5217725577555155,0.00010404857457246279,64,0.5216989843028624,0.5218093699515347,0.5218093699515347,0.5217725747353106,5.203629381456012e-05
129,0.23081167538960776,0.056257162433933916,0.02327426274617513,0.0032921729522220303,0.001,10,40,"{'learning_rate': 0.001, 'max_depth': 10, 'n_estimators': 40}",0.5219197046608214,0.5216989843028624,0.5216989843028624,0.5217725577555155,0.00010404857457246279,64,0.5216989843028624,0.5218093699515347,0.5218093699515347,0.5217725747353106,5.203629381456012e-05
127,0.08406345049540202,0.0026390529461718082,0.021645863850911457,0.009525723469073691,0.001,10,10,"{'learning_rate': 0.001, 'max_depth': 10, 'n_estimators': 10}",0.5219197046608214,0.5216989843028624,0.5216989843028624,0.5217725577555155,0.00010404857457246279,64,0.5216989843028624,0.5218093699515347,0.5218093699515347,0.5217725747353106,5.203629381456012e-05
126,0.14577166239420572,0.04603486907334143,0.02461353937784831,0.01796121011358506,0.001,10,5,"{'learning_rate': 0.001, 'max_depth': 10, 'n_estimators': 5}",0.5219197046608214,0.5216989843028624,0.5216989843028624,0.5217725577555155,0.00010404857457246279,64,0.5216989843028624,0.5218093699515347,0.5218093699515347,0.5217725747353106,5.203629381456012e-05
123,0.38474313418070477,0.06078178053614556,0.023269812266031902,0.009648181913271483,0.001,5,40,"{'learning_rate': 0.001, 'max_depth': 5, 'n_estimators': 40}",0.5219197046608214,0.5216989843028624,0.5216989843028624,0.5217725577555155,0.00010404857457246279,64,0.5216989843028624,0.5218093699515347,0.5218093699515347,0.5217725747353106,5.203629381456012e-05
122,0.11474275588989258,0.0024567480661275205,0.019676685333251953,0.0038449727070397123,0.001,5,20,"{'learning_rate': 0.001, 'max_depth': 5, 'n_estimators': 20}",0.5219197046608214,0.5216989843028624,0.5216989843028624,0.5217725577555155,0.00010404857457246279,64,0.5216989843028624,0.5218093699515347,0.5218093699515347,0.5217725747353106,5.203629381456012e-05
121,0.14870309829711914,0.03447328338036195,0.03365635871887207,0.022912348967592654,0.001,5,10,"{'learning_rate': 0.001, 'max_depth': 5, 'n_estimators': 10}",0.5219197046608214,0.5216989843028624,0.5216989843028624,0.5217725577555155,0.00010404857457246279,64,0.5216989843028624,0.5218093699515347,0.5218093699515347,0.5217725747353106,5.203629381456012e-05
120,0.16206669807434082,0.08816051843259372,0.016689777374267578,0.0001973646028999256,0.001,5,5,"{'learning_rate': 0.001, 'max_depth': 5, 'n_estimators': 5}",0.5219197046608214,0.5216989843028624,0.5216989843028624,0.5217725577555155,0.00010404857457246279,64,0.5216989843028624,0.5218093699515347,0.5218093699515347,0.5217725747353106,5.203629381456012e-05
117,0.2679159641265869,0.08264268766893117,0.0182949701944987,0.0014233604658691,0.001,4,40,"{'learning_rate': 0.001, 'max_depth': 4, 'n_estimators': 40}",0.5219197046608214,0.5216989843028624,0.5216989843028624,0.5217725577555155,0.00010404857457246279,64,0.5216989843028624,0.5218093699515347,0.5218093699515347,0.5217725747353106,5.203629381456012e-05
115,0.12433902422587077,0.04127939276740547,0.018955310185750324,0.005335051313951078,0.001,4,10,"{'learning_rate': 0.001, 'max_depth': 4, 'n_estimators': 10}",0.5219197046608214,0.5216989843028624,0.5216989843028624,0.5217725577555155,0.00010404857457246279,64,0.5216989843028624,0.5218093699515347,0.5218093699515347,0.5217725747353106,5.203629381456012e-05
138,0.07041684786478679,0.0024634263559777207,0.014818271001180014,0.001462367914040395,0.001,50,5,"{'learning_rate': 0.001, 'max_depth': 50, 'n_estimators': 5}",0.5219197046608214,0.5216989843028624,0.5216989843028624,0.5217725577555155,0.00010404857457246279,64,0.5216989843028624,0.5218093699515347,0.5218093699515347,0.5217725747353106,5.203629381456012e-05
0,0.3203083674112956,0.18785386547073493,0.07183146476745605,0.02905145071608502,1e-05,1,5,"{'learning_rate': 1e-05, 'max_depth': 1, 'n_estimators': 5}",0.5219197046608214,0.5216989843028624,0.5216989843028624,0.5217725577555155,0.00010404857457246279,64,0.5216989843028624,0.5218093699515347,0.5218093699515347,0.5217725747353106,5.203629381456012e-05
93,0.16749119758605957,0.0076376301626327105,0.018634319305419922,0.0009658371853801508,0.0001,50,40,"{'learning_rate': 0.0001, 'max_depth': 50, 'n_estimators': 40}",0.5219197046608214,0.5216989843028624,0.5216989843028624,0.5217725577555155,0.00010404857457246279,64,0.5216989843028624,0.5218093699515347,0.5218093699515347,0.5217725747353106,5.203629381456012e-05
25,0.1549037297566732,0.060405378700975954,0.04508638381958008,0.038379975193005435,1e-05,5,10,"{'learning_rate': 1e-05, 'max_depth': 5, 'n_estimators': 10}",0.5219197046608214,0.5216989843028624,0.5216989843028624,0.5217725577555155,0.00010404857457246279,64,0.5216989843028624,0.5218093699515347,0.5218093699515347,0.5217725747353106,5.203629381456012e-05
26,0.17251292864481607,0.04435053365626837,0.04270005226135254,0.03599958298092427,1e-05,5,20,"{'learning_rate': 1e-05, 'max_depth': 5, 'n_estimators': 20}",0.5219197046608214,0.5216989843028624,0.5216989843028624,0.5217725577555155,0.00010404857457246279,64,0.5216989843028624,0.5218093699515347,0.5218093699515347,0.5217725747353106,5.203629381456012e-05
27,0.2707703113555908,0.07627178010705493,0.023249228795369465,0.007380129603749448,1e-05,5,40,"{'learning_rate': 1e-05, 'max_depth': 5, 'n_estimators': 40}",0.5219197046608214,0.5216989843028624,0.5216989843028624,0.5217725577555155,0.00010404857457246279,64,0.5216989843028624,0.5218093699515347,0.5218093699515347,0.5217725747353106,5.203629381456012e-05
28,0.2915533383687337,0.07693849043190731,0.02310800552368164,0.00223790609194516,1e-05,5,70,"{'learning_rate': 1e-05, 'max_depth': 5, 'n_estimators': 70}",0.5219197046608214,0.5216989843028624,0.5216989843028624,0.5217725577555155,0.00010404857457246279,64,0.5216989843028624,0.5218093699515347,0.5218093699515347,0.5217725747353106,5.203629381456012e-05
29,0.41089288393656415,0.18597755199255625,0.03508734703063965,0.019306236530166044,1e-05,5,100,"{'learning_rate': 1e-05, 'max_depth': 5, 'n_estimators': 100}",0.5219197046608214,0.5216989843028624,0.5216989843028624,0.5217725577555155,0.00010404857457246279,64,0.5216989843028624,0.5218093699515347,0.5218093699515347,0.5217725747353106,5.203629381456012e-05
30,0.11204330126444499,0.04351947523474032,0.023151079813639324,0.008542226577870236,1e-05,10,5,"{'learning_rate': 1e-05, 'max_depth': 10, 'n_estimators': 5}",0.5219197046608214,0.5216989843028624,0.5216989843028624,0.5217725577555155,0.00010404857457246279,64,0.5216989843028624,0.5218093699515347,0.5218093699515347,0.5217725747353106,5.203629381456012e-05
31,0.15729896227518717,0.05420897175726062,0.022229592005411785,0.0073693274098538195,1e-05,10,10,"{'learning_rate': 1e-05, 'max_depth': 10, 'n_estimators': 10}",0.5219197046608214,0.5216989843028624,0.5216989843028624,0.5217725577555155,0.00010404857457246279,64,0.5216989843028624,0.5218093699515347,0.5218093699515347,0.5217725747353106,5.203629381456012e-05
32,0.17188254992167154,0.037489750770758445,0.03661759694417318,0.026366156735957966,1e-05,10,20,"{'learning_rate': 1e-05, 'max_depth': 10, 'n_estimators': 20}",0.5219197046608214,0.5216989843028624,0.5216989843028624,0.5217725577555155,0.00010404857457246279,64,0.5216989843028624,0.5218093699515347,0.5218093699515347,0.5217725747353106,5.203629381456012e-05
33,0.16889659563700357,0.007753266350852804,0.02281339963277181,0.005552151966136032,1e-05,10,40,"{'learning_rate': 1e-05, 'max_depth': 10, 'n_estimators': 40}",0.5219197046608214,0.5216989843028624,0.5216989843028624,0.5217725577555155,0.00010404857457246279,64,0.5216989843028624,0.5218093699515347,0.5218093699515347,0.5217725747353106,5.203629381456012e-05
24,0.14818914731343588,0.06091194133607148,0.033628225326538086,0.029136128315620843,1e-05,5,5,"{'learning_rate': 1e-05, 'max_depth': 5, 'n_estimators': 5}",0.5219197046608214,0.5216989843028624,0.5216989843028624,0.5217725577555155,0.00010404857457246279,64,0.5216989843028624,0.5218093699515347,0.5218093699515347,0.5217725747353106,5.203629381456012e-05
34,0.38384445508321124,0.1056061860486008,0.023615121841430664,0.00045266268883481796,1e-05,10,70,"{'learning_rate': 1e-05, 'max_depth': 10, 'n_estimators': 70}",0.5219197046608214,0.5216989843028624,0.5216989843028624,0.5217725577555155,0.00010404857457246279,64,0.5216989843028624,0.5218093699515347,0.5218093699515347,0.5217725747353106,5.203629381456012e-05
36,0.09397109349568684,0.017918536818020508,0.04473280906677246,0.02394848083117837,1e-05,20,5,"{'learning_rate': 1e-05, 'max_depth': 20, 'n_estimators': 5}",0.5219197046608214,0.5216989843028624,0.5216989843028624,0.5217725577555155,0.00010404857457246279,64,0.5216989843028624,0.5218093699515347,0.5218093699515347,0.5217725747353106,5.203629381456012e-05
37,0.11010988553365071,0.03503598751500795,0.01662158966064453,0.0033909641672688873,1e-05,20,10,"{'learning_rate': 1e-05, 'max_depth': 20, 'n_estimators': 10}",0.5219197046608214,0.5216989843028624,0.5216989843028624,0.5217725577555155,0.00010404857457246279,64,0.5216989843028624,0.5218093699515347,0.5218093699515347,0.5217725747353106,5.203629381456012e-05
38,0.17623798052469888,0.050920092690203214,0.032302141189575195,0.023739080549640947,1e-05,20,20,"{'learning_rate': 1e-05, 'max_depth': 20, 'n_estimators': 20}",0.5219197046608214,0.5216989843028624,0.5216989843028624,0.5217725577555155,0.00010404857457246279,64,0.5216989843028624,0.5218093699515347,0.5218093699515347,0.5217725747353106,5.203629381456012e-05
39,0.228913942972819,0.09647150688161546,0.04964510599772135,0.03308406312374966,1e-05,20,40,"{'learning_rate': 1e-05, 'max_depth': 20, 'n_estimators': 40}",0.5219197046608214,0.5216989843028624,0.5216989843028624,0.5217725577555155,0.00010404857457246279,64,0.5216989843028624,0.5218093699515347,0.5218093699515347,0.5217725747353106,5.203629381456012e-05
40,0.3533608913421631,0.1748245265901584,0.020664215087890625,0.0031145572580832904,1e-05,20,70,"{'learning_rate': 1e-05, 'max_depth': 20, 'n_estimators': 70}",0.5219197046608214,0.5216989843028624,0.5216989843028624,0.5217725577555155,0.00010404857457246279,64,0.5216989843028624,0.5218093699515347,0.5218093699515347,0.5217725747353106,5.203629381456012e-05
41,0.5939075946807861,0.17555574236208202,0.04960385958353678,0.02498278371109297,1e-05,20,100,"{'learning_rate': 1e-05, 'max_depth': 20, 'n_estimators': 100}",0.5219197046608214,0.5216989843028624,0.5216989843028624,0.5217725577555155,0.00010404857457246279,64,0.5216989843028624,0.5218093699515347,0.5218093699515347,0.5217725747353106,5.203629381456012e-05
42,0.10686461130777995,0.04363607024221268,0.01390536626180013,0.0009367992641936018,1e-05,50,5,"{'learning_rate': 1e-05, 'max_depth': 50, 'n_estimators': 5}",0.5219197046608214,0.5216989843028624,0.5216989843028624,0.5217725577555155,0.00010404857457246279,64,0.5216989843028624,0.5218093699515347,0.5218093699515347,0.5217725747353106,5.203629381456012e-05
43,0.13834651311238608,0.06710711396107259,0.03381045659383138,0.019872951324481105,1e-05,50,10,"{'learning_rate': 1e-05, 'max_depth': 50, 'n_estimators': 10}",0.5219197046608214,0.5216989843028624,0.5216989843028624,0.5217725577555155,0.00010404857457246279,64,0.5216989843028624,0.5218093699515347,0.5218093699515347,0.5217725747353106,5.203629381456012e-05
44,0.16636975606282553,0.011412091932303851,0.018613020579020183,0.004634359077442078,1e-05,50,20,"{'learning_rate': 1e-05, 'max_depth': 50, 'n_estimators': 20}",0.5219197046608214,0.5216989843028624,0.5216989843028624,0.5217725577555155,0.00010404857457246279,64,0.5216989843028624,0.5218093699515347,0.5218093699515347,0.5217725747353106,5.203629381456012e-05
35,0.425209919611613,0.1661107942969335,0.032773335774739586,0.011677466533632335,1e-05,10,100,"{'learning_rate': 1e-05, 'max_depth': 10, 'n_estimators': 100}",0.5219197046608214,0.5216989843028624,0.5216989843028624,0.5217725577555155,0.00010404857457246279,64,0.5216989843028624,0.5218093699515347,0.5218093699515347,0.5217725747353106,5.203629381456012e-05
45,0.311270793279012,0.11450103577741488,0.03611095746358236,0.028857689140474044,1e-05,50,40,"{'learning_rate': 1e-05, 'max_depth': 50, 'n_estimators': 40}",0.5219197046608214,0.5216989843028624,0.5216989843028624,0.5217725577555155,0.00010404857457246279,64,0.5216989843028624,0.5218093699515347,0.5218093699515347,0.5217725747353106,5.203629381456012e-05
23,0.454634428024292,0.17520306942686517,0.031636555989583336,0.00450100652220957,1e-05,4,100,"{'learning_rate': 1e-05, 'max_depth': 4, 'n_estimators': 100}",0.5219197046608214,0.5216989843028624,0.5216989843028624,0.5217725577555155,0.00010404857457246279,64,0.5216989843028624,0.5218093699515347,0.5218093699515347,0.5217725747353106,5.203629381456012e-05
21,0.24999666213989258,0.03306810495685564,0.05933197339375814,0.02170832876072367,1e-05,4,40,"{'learning_rate': 1e-05, 'max_depth': 4, 'n_estimators': 40}",0.5219197046608214,0.5216989843028624,0.5216989843028624,0.5217725577555155,0.00010404857457246279,64,0.5216989843028624,0.5218093699515347,0.5218093699515347,0.5217725747353106,5.203629381456012e-05
1,0.2552176316579183,0.08139388377147894,0.02341008186340332,0.001977922093710533,1e-05,1,10,"{'learning_rate': 1e-05, 'max_depth': 1, 'n_estimators': 10}",0.5219197046608214,0.5216989843028624,0.5216989843028624,0.5217725577555155,0.00010404857457246279,64,0.5216989843028624,0.5218093699515347,0.5218093699515347,0.5217725747353106,5.203629381456012e-05
2,0.3291959762573242,0.056083767230734174,0.04037324587504069,0.01608148256082765,1e-05,1,20,"{'learning_rate': 1e-05, 'max_depth': 1, 'n_estimators': 20}",0.5219197046608214,0.5216989843028624,0.5216989843028624,0.5217725577555155,0.00010404857457246279,64,0.5216989843028624,0.5218093699515347,0.5218093699515347,0.5217725747353106,5.203629381456012e-05
3,0.196520725886027,0.10311338762517133,0.05136648813883463,0.03408464368431774,1e-05,1,40,"{'learning_rate': 1e-05, 'max_depth': 1, 'n_estimators': 40}",0.5219197046608214,0.5216989843028624,0.5216989843028624,0.5217725577555155,0.00010404857457246279,64,0.5216989843028624,0.5218093699515347,0.5218093699515347,0.5217725747353106,5.203629381456012e-05
4,0.30841541290283203,0.12731491924946037,0.015956719716389973,0.0014100088519704344,1e-05,1,70,"{'learning_rate': 1e-05, 'max_depth': 1, 'n_estimators': 70}",0.5219197046608214,0.5216989843028624,0.5216989843028624,0.5217725577555155,0.00010404857457246279,64,0.5216989843028624,0.5218093699515347,0.5218093699515347,0.5217725747353106,5.203629381456012e-05
5,0.5019535223642985,0.0579998618945712,0.06244579950968424,0.03021074395097374,1e-05,1,100,"{'learning_rate': 1e-05, 'max_depth': 1, 'n_estimators': 100}",0.5219197046608214,0.5216989843028624,0.5216989843028624,0.5217725577555155,0.00010404857457246279,64,0.5216989843028624,0.5218093699515347,0.5218093699515347,0.5217725747353106,5.203629381456012e-05
6,0.09309840202331543,0.0009506718539286675,0.016619284947713215,0.002865415303112815,1e-05,2,5,"{'learning_rate': 1e-05, 'max_depth': 2, 'n_estimators': 5}",0.5219197046608214,0.5216989843028624,0.5216989843028624,0.5217725577555155,0.00010404857457246279,64,0.5216989843028624,0.5218093699515347,0.5218093699515347,0.5217725747353106,5.203629381456012e-05
7,0.11426099141438802,0.05044842204493001,0.04031721750895182,0.035925801589475545,1e-05,2,10,"{'learning_rate': 1e-05, 'max_depth': 2, 'n_estimators': 10}",0.5219197046608214,0.5216989843028624,0.5216989843028624,0.5217725577555155,0.00010404857457246279,64,0.5216989843028624,0.5218093699515347,0.5218093699515347,0.5217725747353106,5.203629381456012e-05
8,0.13127883275349936,0.05851176565671328,0.016762495040893555,0.0008738130588080131,1e-05,2,20,"{'learning_rate': 1e-05, 'max_depth': 2, 'n_estimators': 20}",0.5219197046608214,0.5216989843028624,0.5216989843028624,0.5217725577555155,0.00010404857457246279,64,0.5216989843028624,0.5218093699515347,0.5218093699515347,0.5217725747353106,5.203629381456012e-05
9,0.19089714686075845,0.09055945840819683,0.016315937042236328,0.0016594091479506666,1e-05,2,40,"{'learning_rate': 1e-05, 'max_depth': 2, 'n_estimators': 40}",0.5219197046608214,0.5216989843028624,0.5216989843028624,0.5217725577555155,0.00010404857457246279,64,0.5216989843028624,0.5218093699515347,0.5218093699515347,0.5217725747353106,5.203629381456012e-05
22,0.2186884880065918,0.014896889024577031,0.018335262934366863,0.002115735966950548,1e-05,4,70,"{'learning_rate': 1e-05, 'max_depth': 4, 'n_estimators': 70}",0.5219197046608214,0.5216989843028624,0.5216989843028624,0.5217725577555155,0.00010404857457246279,64,0.5216989843028624,0.5218093699515347,0.5218093699515347,0.5217725747353106,5.203629381456012e-05
10,0.2888949712117513,0.08991090837581465,0.021721283594767254,0.0023036592969004144,1e-05,2,70,"{'learning_rate': 1e-05, 'max_depth': 2, 'n_estimators': 70}",0.5219197046608214,0.5216989843028624,0.5216989843028624,0.5217725577555155,0.00010404857457246279,64,0.5216989843028624,0.5218093699515347,0.5218093699515347,0.5217725747353106,5.203629381456012e-05
12,0.07997012138366699,0.02389020119481163,0.032407681147257485,0.02308460999005043,1e-05,3,5,"{'learning_rate': 1e-05, 'max_depth': 3, 'n_estimators': 5}",0.5219197046608214,0.5216989843028624,0.5216989843028624,0.5217725577555155,0.00010404857457246279,64,0.5216989843028624,0.5218093699515347,0.5218093699515347,0.5217725747353106,5.203629381456012e-05
13,0.12141823768615723,0.08135362656180685,0.0647130012512207,0.04086101179403117,1e-05,3,10,"{'learning_rate': 1e-05, 'max_depth': 3, 'n_estimators': 10}",0.5219197046608214,0.5216989843028624,0.5216989843028624,0.5217725577555155,0.00010404857457246279,64,0.5216989843028624,0.5218093699515347,0.5218093699515347,0.5217725747353106,5.203629381456012e-05
14,0.18198776245117188,0.036676579791113544,0.04937211672465006,0.032819138029677467,1e-05,3,20,"{'learning_rate': 1e-05, 'max_depth': 3, 'n_estimators': 20}",0.5219197046608214,0.5216989843028624,0.5216989843028624,0.5217725577555155,0.00010404857457246279,64,0.5216989843028624,0.5218093699515347,0.5218093699515347,0.5217725747353106,5.203629381456012e-05
15,0.24419069290161133,0.09248310425797994,0.028584639231363933,0.014395177184995134,1e-05,3,40,"{'learning_rate': 1e-05, 'max_depth': 3, 'n_estimators': 40}",0.5219197046608214,0.5216989843028624,0.5216989843028624,0.5217725577555155,0.00010404857457246279,64,0.5216989843028624,0.5218093699515347,0.5218093699515347,0.5217725747353106,5.203629381456012e-05
16,0.34137503306070965,0.10535874306315623,0.04355104764302572,0.027583559769935637,1e-05,3,70,"{'learning_rate': 1e-05, 'max_depth': 3, 'n_estimators': 70}",0.5219197046608214,0.5216989843028624,0.5216989843028624,0.5217725577555155,0.00010404857457246279,64,0.5216989843028624,0.5218093699515347,0.5218093699515347,0.5217725747353106,5.203629381456012e-05
17,0.3779871463775635,0.13251033088356917,0.040645758310953774,0.029565683493533636,1e-05,3,100,"{'learning_rate': 1e-05, 'max_depth': 3, 'n_estimators': 100}",0.5219197046608214,0.5216989843028624,0.5216989843028624,0.5217725577555155,0.00010404857457246279,64,0.5216989843028624,0.5218093699515347,0.5218093699515347,0.5217725747353106,5.203629381456012e-05
18,0.11355551083882649,0.043385867656984295,0.07621010144551595,0.012236491921549441,1e-05,4,5,"{'learning_rate': 1e-05, 'max_depth': 4, 'n_estimators': 5}",0.5219197046608214,0.5216989843028624,0.5216989843028624,0.5217725577555155,0.00010404857457246279,64,0.5216989843028624,0.5218093699515347,0.5218093699515347,0.5217725747353106,5.203629381456012e-05
19,0.12419565518697102,0.030753507306595818,0.01343242327372233,0.00318339347596352,1e-05,4,10,"{'learning_rate': 1e-05, 'max_depth': 4, 'n_estimators': 10}",0.5219197046608214,0.5216989843028624,0.5216989843028624,0.5217725577555155,0.00010404857457246279,64,0.5216989843028624,0.5218093699515347,0.5218093699515347,0.5217725747353106,5.203629381456012e-05
20,0.11678306261698405,0.024861534211936712,0.016103665033976238,0.0013544472861785693,1e-05,4,20,"{'learning_rate': 1e-05, 'max_depth': 4, 'n_estimators': 20}",0.5219197046608214,0.5216989843028624,0.5216989843028624,0.5217725577555155,0.00010404857457246279,64,0.5216989843028624,0.5218093699515347,0.5218093699515347,0.5217725747353106,5.203629381456012e-05
11,0.21097938219706217,0.012848871354440242,0.02132129669189453,0.002515145299039113,1e-05,2,100,"{'learning_rate': 1e-05, 'max_depth': 2, 'n_estimators': 100}",0.5219197046608214,0.5216989843028624,0.5216989843028624,0.5217725577555155,0.00010404857457246279,64,0.5216989843028624,0.5218093699515347,0.5218093699515347,0.5217725747353106,5.203629381456012e-05
94,0.49764808019002277,0.08457727194926942,0.04724613825480143,0.022022948201071244,0.0001,50,70,"{'learning_rate': 0.0001, 'max_depth': 50, 'n_estimators': 70}",0.5219197046608214,0.5216989843028624,0.5216989843028624,0.5217725577555155,0.00010404857457246279,64,0.5216989843028624,0.5218093699515347,0.5218093699515347,0.5217725747353106,5.203629381456012e-05
46,0.29798086484273273,0.1010845400587982,0.02463642756144206,0.004064388122402468,1e-05,50,70,"{'learning_rate': 1e-05, 'max_depth': 50, 'n_estimators': 70}",0.5219197046608214,0.5216989843028624,0.5216989843028624,0.5217725577555155,0.00010404857457246279,64,0.5216989843028624,0.5218093699515347,0.5218093699515347,0.5217725747353106,5.203629381456012e-05
48,0.12303280830383301,0.04606227653861524,0.013652324676513672,0.003105635713530473,0.0001,1,5,"{'learning_rate': 0.0001, 'max_depth': 1, 'n_estimators': 5}",0.5219197046608214,0.5216989843028624,0.5216989843028624,0.5217725577555155,0.00010404857457246279,64,0.5216989843028624,0.5218093699515347,0.5218093699515347,0.5217725747353106,5.203629381456012e-05
73,0.1330087979634603,0.06426733891857786,0.028316338857014973,0.016674954998801374,0.0001,5,10,"{'learning_rate': 0.0001, 'max_depth': 5, 'n_estimators': 10}",0.5219197046608214,0.5216989843028624,0.5216989843028624,0.5217725577555155,0.00010404857457246279,64,0.5216989843028624,0.5218093699515347,0.5218093699515347,0.5217725747353106,5.203629381456012e-05
74,0.12105743090311687,0.024089988239874533,0.017291784286499023,0.0037848497948744704,0.0001,5,20,"{'learning_rate': 0.0001, 'max_depth': 5, 'n_estimators': 20}",0.5219197046608214,0.5216989843028624,0.5216989843028624,0.5217725577555155,0.00010404857457246279,64,0.5216989843028624,0.5218093699515347,0.5218093699515347,0.5217725747353106,5.203629381456012e-05
75,0.1965178648630778,0.03637520159912356,0.01981178919474284,0.001792790048172878,0.0001,5,40,"{'learning_rate': 0.0001, 'max_depth': 5, 'n_estimators': 40}",0.5219197046608214,0.5216989843028624,0.5216989843028624,0.5217725577555155,0.00010404857457246279,64,0.5216989843028624,0.5218093699515347,0.5218093699515347,0.5217725747353106,5.203629381456012e-05
76,0.2824656168619792,0.08759261980927932,0.02127242088317871,0.0054246343156025756,0.0001,5,70,"{'learning_rate': 0.0001, 'max_depth': 5, 'n_estimators': 70}",0.5219197046608214,0.5216989843028624,0.5216989843028624,0.5217725577555155,0.00010404857457246279,64,0.5216989843028624,0.5218093699515347,0.5218093699515347,0.5217725747353106,5.203629381456012e-05
77,0.33263691266377765,0.07313485648425053,0.025590976079305012,0.0024917517157097718,0.0001,5,100,"{'learning_rate': 0.0001, 'max_depth': 5, 'n_estimators': 100}",0.5219197046608214,0.5216989843028624,0.5216989843028624,0.5217725577555155,0.00010404857457246279,64,0.5216989843028624,0.5218093699515347,0.5218093699515347,0.5217725747353106,5.203629381456012e-05
78,0.09080155690511067,0.01671286353969866,0.039312521616617836,0.017328877649294822,0.0001,10,5,"{'learning_rate': 0.0001, 'max_depth': 10, 'n_estimators': 5}",0.5219197046608214,0.5216989843028624,0.5216989843028624,0.5217725577555155,0.00010404857457246279,64,0.5216989843028624,0.5218093699515347,0.5218093699515347,0.5217725747353106,5.203629381456012e-05
79,0.11603585879007976,0.025697235421382424,0.03191828727722168,0.02468369361659842,0.0001,10,10,"{'learning_rate': 0.0001, 'max_depth': 10, 'n_estimators': 10}",0.5219197046608214,0.5216989843028624,0.5216989843028624,0.5217725577555155,0.00010404857457246279,64,0.5216989843028624,0.5218093699515347,0.5218093699515347,0.5217725747353106,5.203629381456012e-05
80,0.16164501508076987,0.045891054732167424,0.016950607299804688,0.002156746282902887,0.0001,10,20,"{'learning_rate': 0.0001, 'max_depth': 10, 'n_estimators': 20}",0.5219197046608214,0.5216989843028624,0.5216989843028624,0.5217725577555155,0.00010404857457246279,64,0.5216989843028624,0.5218093699515347,0.5218093699515347,0.5217725747353106,5.203629381456012e-05
81,0.3135233720143636,0.11306383497391191,0.047314961751302086,0.020061450328579394,0.0001,10,40,"{'learning_rate': 0.0001, 'max_depth': 10, 'n_estimators': 40}",0.5219197046608214,0.5216989843028624,0.5216989843028624,0.5217725577555155,0.00010404857457246279,64,0.5216989843028624,0.5218093699515347,0.5218093699515347,0.5217725747353106,5.203629381456012e-05
72,0.09228722254435222,0.029048665479793026,0.030319054921468098,0.02529826843971249,0.0001,5,5,"{'learning_rate': 0.0001, 'max_depth': 5, 'n_estimators': 5}",0.5219197046608214,0.5216989843028624,0.5216989843028624,0.5217725577555155,0.00010404857457246279,64,0.5216989843028624,0.5218093699515347,0.5218093699515347,0.5217725747353106,5.203629381456012e-05
82,0.43612440427144367,0.08471730898419194,0.03907608985900879,0.015094269172450695,0.0001,10,70,"{'learning_rate': 0.0001, 'max_depth': 10, 'n_estimators': 70}",0.5219197046608214,0.5216989843028624,0.5216989843028624,0.5217725577555155,0.00010404857457246279,64,0.5216989843028624,0.5218093699515347,0.5218093699515347,0.5217725747353106,5.203629381456012e-05
84,0.09984922409057617,0.028022077645888616,0.01720420519510905,0.002084081741300385,0.0001,20,5,"{'learning_rate': 0.0001, 'max_depth': 20, 'n_estimators': 5}",0.5219197046608214,0.5216989843028624,0.5216989843028624,0.5217725577555155,0.00010404857457246279,64,0.5216989843028624,0.5218093699515347,0.5218093699515347,0.5217725747353106,5.203629381456012e-05
85,0.11323610941569011,0.04283850570064507,0.019606828689575195,0.004177771492228561,0.0001,20,10,"{'learning_rate': 0.0001, 'max_depth': 20, 'n_estimators': 10}",0.5219197046608214,0.5216989843028624,0.5216989843028624,0.5217725577555155,0.00010404857457246279,64,0.5216989843028624,0.5218093699515347,0.5218093699515347,0.5217725747353106,5.203629381456012e-05
86,0.15610170364379883,0.03755831593053761,0.029285589853922527,0.018567620013660812,0.0001,20,20,"{'learning_rate': 0.0001, 'max_depth': 20, 'n_estimators': 20}",0.5219197046608214,0.5216989843028624,0.5216989843028624,0.5217725577555155,0.00010404857457246279,64,0.5216989843028624,0.5218093699515347,0.5218093699515347,0.5217725747353106,5.203629381456012e-05
87,0.16267124811808267,0.0030473166197900496,0.017635186513264973,0.0009615663441631258,0.0001,20,40,"{'learning_rate': 0.0001, 'max_depth': 20, 'n_estimators': 40}",0.5219197046608214,0.5216989843028624,0.5216989843028624,0.5217725577555155,0.00010404857457246279,64,0.5216989843028624,0.5218093699515347,0.5218093699515347,0.5217725747353106,5.203629381456012e-05
88,0.3881189823150635,0.09347585754281959,0.04044405619303385,0.020470745030832998,0.0001,20,70,"{'learning_rate': 0.0001, 'max_depth': 20, 'n_estimators': 70}",0.5219197046608214,0.5216989843028624,0.5216989843028624,0.5217725577555155,0.00010404857457246279,64,0.5216989843028624,0.5218093699515347,0.5218093699515347,0.5217725747353106,5.203629381456012e-05
89,0.32399312655131024,0.01556031782758348,0.027277151743570965,0.0033869348404770632,0.0001,20,100,"{'learning_rate': 0.0001, 'max_depth': 20, 'n_estimators': 100}",0.5219197046608214,0.5216989843028624,0.5216989843028624,0.5217725577555155,0.00010404857457246279,64,0.5216989843028624,0.5218093699515347,0.5218093699515347,0.5217725747353106,5.203629381456012e-05
90,0.11183603604634602,0.033760360296456036,0.021628538767496746,0.00543108919031053,0.0001,50,5,"{'learning_rate': 0.0001, 'max_depth': 50, 'n_estimators': 5}",0.5219197046608214,0.5216989843028624,0.5216989843028624,0.5217725577555155,0.00010404857457246279,64,0.5216989843028624,0.5218093699515347,0.5218093699515347,0.5217725747353106,5.203629381456012e-05
91,0.16452670097351074,0.03061565104665188,0.042395989100138344,0.020534402519947276,0.0001,50,10,"{'learning_rate': 0.0001, 'max_depth': 50, 'n_estimators': 10}",0.5219197046608214,0.5216989843028624,0.5216989843028624,0.5217725577555155,0.00010404857457246279,64,0.5216989843028624,0.5218093699515347,0.5218093699515347,0.5217725747353106,5.203629381456012e-05
92,0.16067973772684732,0.07612321362924278,0.016794681549072266,0.00200557191013376,0.0001,50,20,"{'learning_rate': 0.0001, 'max_depth': 50, 'n_estimators': 20}",0.5219197046608214,0.5216989843028624,0.5216989843028624,0.5217725577555155,0.00010404857457246279,64,0.5216989843028624,0.5218093699515347,0.5218093699515347,0.5217725747353106,5.203629381456012e-05
83,0.6521228949228922,0.20926240335149185,0.053415377934773765,0.019435417257904875,0.0001,10,100,"{'learning_rate': 0.0001, 'max_depth': 10, 'n_estimators': 100}",0.5219197046608214,0.5216989843028624,0.5216989843028624,0.5217725577555155,0.00010404857457246279,64,0.5216989843028624,0.5218093699515347,0.5218093699515347,0.5217725747353106,5.203629381456012e-05
47,0.4710717995961507,0.21117494319013533,0.04597759246826172,0.025187342374201012,1e-05,50,100,"{'learning_rate': 1e-05, 'max_depth': 50, 'n_estimators': 100}",0.5219197046608214,0.5216989843028624,0.5216989843028624,0.5217725577555155,0.00010404857457246279,64,0.5216989843028624,0.5218093699515347,0.5218093699515347,0.5217725747353106,5.203629381456012e-05
71,0.5345917542775472,0.07899468712114484,0.04244534174601237,0.018199327714528125,0.0001,4,100,"{'learning_rate': 0.0001, 'max_depth': 4, 'n_estimators': 100}",0.5219197046608214,0.5216989843028624,0.5216989843028624,0.5217725577555155,0.00010404857457246279,64,0.5216989843028624,0.5218093699515347,0.5218093699515347,0.5217725747353106,5.203629381456012e-05
69,0.2154242992401123,0.06821097152071771,0.03350520133972168,0.01801698804197354,0.0001,4,40,"{'learning_rate': 0.0001, 'max_depth': 4, 'n_estimators': 40}",0.5219197046608214,0.5216989843028624,0.5216989843028624,0.5217725577555155,0.00010404857457246279,64,0.5216989843028624,0.5218093699515347,0.5218093699515347,0.5217725747353106,5.203629381456012e-05
49,0.08504533767700195,0.02193778612790701,0.0305782953898112,0.027171949860611916,0.0001,1,10,"{'learning_rate': 0.0001, 'max_depth': 1, 'n_estimators': 10}",0.5219197046608214,0.5216989843028624,0.5216989843028624,0.5217725577555155,0.00010404857457246279,64,0.5216989843028624,0.5218093699515347,0.5218093699515347,0.5217725747353106,5.203629381456012e-05
50,0.14026323954264322,0.07757374598196055,0.04716674486796061,0.03400223187596165,0.0001,1,20,"{'learning_rate': 0.0001, 'max_depth': 1, 'n_estimators': 20}",0.5219197046608214,0.5216989843028624,0.5216989843028624,0.5217725577555155,0.00010404857457246279,64,0.5216989843028624,0.5218093699515347,0.5218093699515347,0.5217725747353106,5.203629381456012e-05
51,0.1894989013671875,0.08845860826860609,0.01395877202351888,0.003547428969306385,0.0001,1,40,"{'learning_rate': 0.0001, 'max_depth': 1, 'n_estimators': 40}",0.5219197046608214,0.5216989843028624,0.5216989843028624,0.5217725577555155,0.00010404857457246279,64,0.5216989843028624,0.5218093699515347,0.5218093699515347,0.5217725747353106,5.203629381456012e-05
52,0.29116320610046387,0.1088629215501802,0.020118077596028645,0.004855361500331289,0.0001,1,70,"{'learning_rate': 0.0001, 'max_depth': 1, 'n_estimators': 70}",0.5219197046608214,0.5216989843028624,0.5216989843028624,0.5217725577555155,0.00010404857457246279,64,0.5216989843028624,0.5218093699515347,0.5218093699515347,0.5217725747353106,5.203629381456012e-05
53,0.29069002469380695,0.10382210692462608,0.01900196075439453,0.0016463710440854115,0.0001,1,100,"{'learning_rate': 0.0001, 'max_depth': 1, 'n_estimators': 100}",0.5219197046608214,0.5216989843028624,0.5216989843028624,0.5217725577555155,0.00010404857457246279,64,0.5216989843028624,0.5218093699515347,0.5218093699515347,0.5217725747353106,5.203629381456012e-05
54,0.14000709851582846,0.06211172487426015,0.0156402587890625,0.005266096360707885,0.0001,2,5,"{'learning_rate': 0.0001, 'max_depth': 2, 'n_estimators': 5}",0.5219197046608214,0.5216989843028624,0.5216989843028624,0.5217725577555155,0.00010404857457246279,64,0.5216989843028624,0.5218093699515347,0.5218093699515347,0.5217725747353106,5.203629381456012e-05
55,0.12822802861531576,0.04407439407935605,0.016975005467732746,0.009205808988956473,0.0001,2,10,"{'learning_rate': 0.0001, 'max_depth': 2, 'n_estimators': 10}",0.5219197046608214,0.5216989843028624,0.5216989843028624,0.5217725577555155,0.00010404857457246279,64,0.5216989843028624,0.5218093699515347,0.5218093699515347,0.5217725747353106,5.203629381456012e-05
56,0.09427309036254883,0.00753568288810383,0.022333780924479168,0.005370166264309829,0.0001,2,20,"{'learning_rate': 0.0001, 'max_depth': 2, 'n_estimators': 20}",0.5219197046608214,0.5216989843028624,0.5216989843028624,0.5217725577555155,0.00010404857457246279,64,0.5216989843028624,0.5218093699515347,0.5218093699515347,0.5217725747353106,5.203629381456012e-05
57,0.15200018882751465,0.023460671968636836,0.03574419021606445,0.02676383836919181,0.0001,2,40,"{'learning_rate': 0.0001, 'max_depth': 2, 'n_estimators': 40}",0.5219197046608214,0.5216989843028624,0.5216989843028624,0.5217725577555155,0.00010404857457246279,64,0.5216989843028624,0.5218093699515347,0.5218093699515347,0.5217725747353106,5.203629381456012e-05
70,0.20946494738260904,0.0016964033661750696,0.022622187932332356,0.0028492049695634483,0.0001,4,70,"{'learning_rate': 0.0001, 'max_depth': 4, 'n_estimators': 70}",0.5219197046608214,0.5216989843028624,0.5216989843028624,0.5217725577555155,0.00010404857457246279,64,0.5216989843028624,0.5218093699515347,0.5218093699515347,0.5217725747353106,5.203629381456012e-05
58,0.30381472905476886,0.008317760836535458,0.02793121337890625,0.019160052074038453,0.0001,2,70,"{'learning_rate': 0.0001, 'max_depth': 2, 'n_estimators': 70}",0.5219197046608214,0.5216989843028624,0.5216989843028624,0.5217725577555155,0.00010404857457246279,64,0.5216989843028624,0.5218093699515347,0.5218093699515347,0.5217725747353106,5.203629381456012e-05
60,0.09400002161661784,0.02883777278470765,0.023787180582682293,0.0063364234513316915,0.0001,3,5,"{'learning_rate': 0.0001, 'max_depth': 3, 'n_estimators': 5}",0.5219197046608214,0.5216989843028624,0.5216989843028624,0.5217725577555155,0.00010404857457246279,64,0.5216989843028624,0.5218093699515347,0.5218093699515347,0.5217725747353106,5.203629381456012e-05
61,0.08463064829508464,0.012770849330437498,0.024765173594156902,0.02202758286550246,0.0001,3,10,"{'learning_rate': 0.0001, 'max_depth': 3, 'n_estimators': 10}",0.5219197046608214,0.5216989843028624,0.5216989843028624,0.5217725577555155,0.00010404857457246279,64,0.5216989843028624,0.5218093699515347,0.5218093699515347,0.5217725747353106,5.203629381456012e-05
62,0.1522069772084554,0.047346327503283304,0.03363784154256185,0.024737226695936195,0.0001,3,20,"{'learning_rate': 0.0001, 'max_depth': 3, 'n_estimators': 20}",0.5219197046608214,0.5216989843028624,0.5216989843028624,0.5217725577555155,0.00010404857457246279,64,0.5216989843028624,0.5218093699515347,0.5218093699515347,0.5217725747353106,5.203629381456012e-05
63,0.21625701586405435,0.06338104975827903,0.024795929590861004,0.009482426738095826,0.0001,3,40,"{'learning_rate': 0.0001, 'max_depth': 3, 'n_estimators': 40}",0.5219197046608214,0.5216989843028624,0.5216989843028624,0.5217725577555155,0.00010404857457246279,64,0.5216989843028624,0.5218093699515347,0.5218093699515347,0.5217725747353106,5.203629381456012e-05
64,0.2387845516204834,0.07818633956533556,0.0417786439259847,0.03082342443235847,0.0001,3,70,"{'learning_rate': 0.0001, 'max_depth': 3, 'n_estimators': 70}",0.5219197046608214,0.5216989843028624,0.5216989843028624,0.5217725577555155,0.00010404857457246279,64,0.5216989843028624,0.5218093699515347,0.5218093699515347,0.5217725747353106,5.203629381456012e-05
65,0.2842196623484294,0.07038097649338879,0.02217872937520345,0.0032751333185027584,0.0001,3,100,"{'learning_rate': 0.0001, 'max_depth': 3, 'n_estimators': 100}",0.5219197046608214,0.5216989843028624,0.5216989843028624,0.5217725577555155,0.00010404857457246279,64,0.5216989843028624,0.5218093699515347,0.5218093699515347,0.5217725747353106,5.203629381456012e-05
66,0.1145784060160319,0.038539864972336094,0.015822966893513996,0.001922238191755242,0.0001,4,5,"{'learning_rate': 0.0001, 'max_depth': 4, 'n_estimators': 5}",0.5219197046608214,0.5216989843028624,0.5216989843028624,0.5217725577555155,0.00010404857457246279,64,0.5216989843028624,0.5218093699515347,0.5218093699515347,0.5217725747353106,5.203629381456012e-05
67,0.14005430539449057,0.03338844079427365,0.02859187126159668,0.01861308860517446,0.0001,4,10,"{'learning_rate': 0.0001, 'max_depth': 4, 'n_estimators': 10}",0.5219197046608214,0.5216989843028624,0.5216989843028624,0.5217725577555155,0.00010404857457246279,64,0.5216989843028624,0.5218093699515347,0.5218093699515347,0.5217725747353106,5.203629381456012e-05
68,0.16527422269185385,0.03972151654151339,0.03151377042134603,0.02186538133187635,0.0001,4,20,"{'learning_rate': 0.0001, 'max_depth': 4, 'n_estimators': 20}",0.5219197046608214,0.5216989843028624,0.5216989843028624,0.5217725577555155,0.00010404857457246279,64,0.5216989843028624,0.5218093699515347,0.5218093699515347,0.5217725747353106,5.203629381456012e-05
59,0.25863202412923175,0.06863591802018064,0.019615809122721355,0.0018812110278687972,0.0001,2,100,"{'learning_rate': 0.0001, 'max_depth': 2, 'n_estimators': 100}",0.5219197046608214,0.5216989843028624,0.5216989843028624,0.5217725577555155,0.00010404857457246279,64,0.5216989843028624,0.5218093699515347,0.5218093699515347,0.5217725747353106,5.203629381456012e-05
95,0.5543700059254965,0.17108234619424603,0.041442155838012695,0.021671683836014814,0.0001,50,100,"{'learning_rate': 0.0001, 'max_depth': 50, 'n_estimators': 100}",0.5219197046608214,0.5216989843028624,0.5216989843028624,0.5217725577555155,0.00010404857457246279,64,0.5216989843028624,0.5218093699515347,0.5218093699515347,0.5217725747353106,5.203629381456012e-05
